total_days,trade_days,trade_freq,n_trades,win_rate,expectancy,sharpe_ann,t_stat,max_dd,gate_name,notes,uplift_expectancy,uplift_sharpe,meets_min_trades,usable
552,289,0.5235507246376812,289,0.6332179930795848,0.00194669692026072,4.130465948963024,4.423313259433373,-0.0825157240258717,PRESSURE_is_NORMAL,Only NORMAL pressure_state,0.0012214713190860755,3.0116431101963728,True,True
552,397,0.7192028985507246,397,0.6322418136020151,0.0017176947171122822,4.1562375656191115,5.21669380361107,-0.0825157240258716,PRESSURE_not_UNRESOLVED,Exclude only unresolved pressure,0.0009924691159376377,3.0374147268524605,True,True
552,397,0.7192028985507246,397,0.6322418136020151,0.0017176947171122822,4.1562375656191115,5.21669380361107,-0.0825157240258716,PRESSURE_NORMAL_or_COILED,NORMAL + COILED,0.0009924691159376377,3.0374147268524605,True,True
552,108,0.1956521739130435,108,0.6296296296296297,0.0011049017846132218,6.158558544052962,4.031722957134247,-0.008737073950624952,PRESSURE_is_COILED,Only COILED pressure_state,0.0003796761834385773,5.039735705286311,True,True
552,552,1.0,552,0.572463768115942,0.0007252256011746445,1.118822838766651,1.6558865996528855,-0.18998904129504923,BASELINE_ALL_DAYS,No gating: every day,0.0,0.0,True,True
552,552,1.0,552,0.572463768115942,0.0007252256011746445,1.118822838766651,1.6558865996528855,-0.18998904129504923,REGIME_not_UNKNOWN,Any day with a regime_label,0.0,0.0,True,True
552,0,0.0,0,,,,,,CURRENT_trade_gate_eq_1,What your pipeline currently allows,,,False,False
552,0,0.0,0,,,,,,REGIME_COILED_and_PRESSURE_COILED,High selectivity combo,,,False,False
552,0,0.0,0,,,,,,REGIME_COILED_and_PRESSURE_NORMAL_or_COILED,Coiled regime; pressure not broken,,,False,False
