total_days,trade_days,trade_freq,n_trades,win_rate,expectancy,sharpe_ann,t_stat,max_dd,gate_name,notes,uplift_expectancy,uplift_sharpe,meets_min_trades,usable
548,287,0.5237226277372263,287,0.6306620209059234,0.0018837565554655964,4.003834880119367,4.272842027261893,-0.0825157240258717,PRESSURE_is_NORMAL,Only NORMAL pressure_state,0.0012064973602845881,2.9604136299855277,True,True
548,393,0.7171532846715328,393,0.6310432569974554,0.0016609117297820986,4.024488427193447,5.025817192708957,-0.0825157240258716,PRESSURE_not_UNRESOLVED,Exclude only unresolved pressure,0.0009836525346010904,2.9810671770596073,True,True
548,393,0.7171532846715328,393,0.6310432569974554,0.0016609117297820986,4.024488427193447,5.025817192708957,-0.0825157240258716,PRESSURE_NORMAL_or_COILED,NORMAL + COILED,0.0009836525346010904,2.9810671770596073,True,True
548,106,0.19343065693430658,106,0.6320754716981132,0.0010575488526956471,6.012936451453591,3.899772533831171,-0.008737073950624952,PRESSURE_is_COILED,Only COILED pressure_state,0.0003802896575146389,4.969515201319751,True,True
548,548,1.0,548,0.5711678832116789,0.0006772591951810082,1.0434212501338396,1.5386848796924282,-0.18998904129504923,BASELINE_ALL_DAYS,No gating: every day,0.0,0.0,True,True
548,548,1.0,548,0.5711678832116789,0.0006772591951810082,1.0434212501338396,1.5386848796924282,-0.18998904129504923,REGIME_not_UNKNOWN,Any day with a regime_label,0.0,0.0,True,True
548,0,0.0,0,,,,,,CURRENT_trade_gate_eq_1,What your pipeline currently allows,,,False,False
548,0,0.0,0,,,,,,REGIME_COILED_and_PRESSURE_COILED,High selectivity combo,,,False,False
548,0,0.0,0,,,,,,REGIME_COILED_and_PRESSURE_NORMAL_or_COILED,Coiled regime; pressure not broken,,,False,False
