total_days,trade_days,trade_freq,n_trades,win_rate,expectancy,sharpe_ann,t_stat,max_dd,gate_name,notes,uplift_expectancy,uplift_sharpe,meets_min_trades,usable
524,269,0.5133587786259542,269,0.6468401486988847,0.0022396178312396324,4.898261971508103,5.060784893430814,-0.060019540710255725,PRESSURE_is_NORMAL,Only NORMAL pressure_state,0.0015307377969522246,3.7965514832021743,True,True
524,374,0.7137404580152672,374,0.6417112299465241,0.0018979427209640687,4.745448939415454,5.781131331888263,-0.05775996437080422,PRESSURE_not_UNRESOLVED,Exclude only unresolved pressure,0.0011890626866766607,3.6437384511095257,True,True
524,374,0.7137404580152672,374,0.6417112299465241,0.0018979427209640687,4.745448939415454,5.781131331888263,-0.05775996437080422,PRESSURE_NORMAL_or_COILED,NORMAL + COILED,0.0011890626866766607,3.6437384511095257,True,True
524,105,0.20038167938931298,105,0.6285714285714286,0.0010226036289247675,5.8351449572347285,3.7665698736793822,-0.008737073950624952,PRESSURE_is_COILED,Only COILED pressure_state,0.00031372359463735955,4.7334344689288,True,True
524,524,1.0,524,0.5744274809160306,0.0007088800342874079,1.1017104883059288,1.5886669364629726,-0.18998904129504923,BASELINE_ALL_DAYS,No gating: every day,0.0,0.0,True,True
524,524,1.0,524,0.5744274809160306,0.0007088800342874079,1.1017104883059288,1.5886669364629726,-0.18998904129504923,REGIME_not_UNKNOWN,Any day with a regime_label,0.0,0.0,True,True
524,0,0.0,0,,,,,,CURRENT_trade_gate_eq_1,What your pipeline currently allows,,,False,False
524,0,0.0,0,,,,,,REGIME_COILED_and_PRESSURE_COILED,High selectivity combo,,,False,False
524,0,0.0,0,,,,,,REGIME_COILED_and_PRESSURE_NORMAL_or_COILED,Coiled regime; pressure not broken,,,False,False
