total_days,trade_days,trade_freq,n_trades,win_rate,expectancy,sharpe_ann,t_stat,max_dd,gate_name,notes,uplift_expectancy,uplift_sharpe,meets_min_trades,usable
523,268,0.5124282982791587,268,0.6492537313432836,0.0022687790725734558,4.963562119483068,5.118710739889839,-0.060019540710255725,PRESSURE_is_NORMAL,Only NORMAL pressure_state,0.0015478828339256035,3.843842114928372,True,True
523,373,0.7131931166347992,373,0.6434316353887399,0.001917979014709884,4.798057323859723,5.837401667359614,-0.05775996437080422,PRESSURE_not_UNRESOLVED,Exclude only unresolved pressure,0.0011970827760620314,3.678337319305027,True,True
523,373,0.7131931166347992,373,0.6434316353887399,0.001917979014709884,4.798057323859723,5.837401667359614,-0.05775996437080422,PRESSURE_NORMAL_or_COILED,NORMAL + COILED,0.0011970827760620314,3.678337319305027,True,True
523,105,0.20076481835564053,105,0.6285714285714286,0.0010226036289247675,5.8351449572347285,3.7665698736793822,-0.008737073950624952,PRESSURE_is_COILED,Only COILED pressure_state,0.0003017073902769151,4.715424952680032,True,True
523,523,1.0,523,0.5755258126195029,0.0007208962386478524,1.1197200045546964,1.6130952460313632,-0.18998904129504923,BASELINE_ALL_DAYS,No gating: every day,0.0,0.0,True,True
523,523,1.0,523,0.5755258126195029,0.0007208962386478524,1.1197200045546964,1.6130952460313632,-0.18998904129504923,REGIME_not_UNKNOWN,Any day with a regime_label,0.0,0.0,True,True
523,0,0.0,0,,,,,,CURRENT_trade_gate_eq_1,What your pipeline currently allows,,,False,False
523,0,0.0,0,,,,,,REGIME_COILED_and_PRESSURE_COILED,High selectivity combo,,,False,False
523,0,0.0,0,,,,,,REGIME_COILED_and_PRESSURE_NORMAL_or_COILED,Coiled regime; pressure not broken,,,False,False
