total_days,trade_days,trade_freq,n_trades,win_rate,expectancy,sharpe_ann,t_stat,max_dd,gate_name,notes,uplift_expectancy,uplift_sharpe,meets_min_trades,usable
541,283,0.5231053604436229,283,0.6254416961130742,0.0018586361410979075,3.92891299592006,4.163565095274016,-0.0825157240258717,PRESSURE_is_NORMAL,Only NORMAL pressure_state,0.0013092282708846107,3.0766802630087438,True,True
541,388,0.7171903881700554,388,0.6262886597938144,0.0016323902292984752,3.9374699093774925,4.885767995166797,-0.0825157240258716,PRESSURE_not_UNRESOLVED,Exclude only unresolved pressure,0.0010829823590851784,3.085237176466176,True,True
541,388,0.7171903881700554,388,0.6262886597938144,0.0016323902292984752,3.9374699093774925,4.885767995166797,-0.0825157240258716,PRESSURE_NORMAL_or_COILED,NORMAL + COILED,0.0010829823590851784,3.085237176466176,True,True
541,105,0.19408502772643252,105,0.6285714285714286,0.0010226036289247675,5.8351449572347285,3.7665698736793822,-0.008737073950624952,PRESSURE_is_COILED,Only COILED pressure_state,0.00047319575871147053,4.982912224323412,True,True
541,541,1.0,541,0.5656192236598891,0.000549407870213297,0.8522327329113165,1.2486955755742761,-0.18998904129504923,BASELINE_ALL_DAYS,No gating: every day,0.0,0.0,True,True
541,541,1.0,541,0.5656192236598891,0.000549407870213297,0.8522327329113165,1.2486955755742761,-0.18998904129504923,REGIME_not_UNKNOWN,Any day with a regime_label,0.0,0.0,True,True
541,0,0.0,0,,,,,,CURRENT_trade_gate_eq_1,What your pipeline currently allows,,,False,False
541,0,0.0,0,,,,,,REGIME_COILED_and_PRESSURE_COILED,High selectivity combo,,,False,False
541,0,0.0,0,,,,,,REGIME_COILED_and_PRESSURE_NORMAL_or_COILED,Coiled regime; pressure not broken,,,False,False
