total_days,trade_days,trade_freq,n_trades,win_rate,expectancy,sharpe_ann,t_stat,max_dd,gate_name,notes,uplift_expectancy,uplift_sharpe,meets_min_trades,usable
546,286,0.5238095238095238,286,0.6293706293706294,0.0018701714693969854,3.9698903233021925,4.229229518748459,-0.0825157240258717,PRESSURE_is_NORMAL,Only NORMAL pressure_state,0.0012476451083168086,3.0072105356122227,True,True
546,392,0.717948717948718,392,0.6301020408163265,0.0016504316801869295,3.996000291801077,4.983888003122774,-0.0825157240258716,PRESSURE_not_UNRESOLVED,Exclude only unresolved pressure,0.0010279053191067527,3.0333205041111073,True,True
546,392,0.717948717948718,392,0.6301020408163265,0.0016504316801869295,3.996000291801077,4.983888003122774,-0.0825157240258716,PRESSURE_NORMAL_or_COILED,NORMAL + COILED,0.0010279053191067527,3.0333205041111073,True,True
546,106,0.19413919413919414,106,0.6320754716981132,0.0010575488526956471,6.012936451453591,3.899772533831171,-0.008737073950624952,PRESSURE_is_COILED,Only COILED pressure_state,0.0004350224916154704,5.050256663763621,True,True
546,546,1.0,546,0.5695970695970696,0.0006225263610801767,0.9626797876899696,1.4170262792875123,-0.18998904129504923,BASELINE_ALL_DAYS,No gating: every day,0.0,0.0,True,True
546,546,1.0,546,0.5695970695970696,0.0006225263610801767,0.9626797876899696,1.4170262792875123,-0.18998904129504923,REGIME_not_UNKNOWN,Any day with a regime_label,0.0,0.0,True,True
546,0,0.0,0,,,,,,CURRENT_trade_gate_eq_1,What your pipeline currently allows,,,False,False
546,0,0.0,0,,,,,,REGIME_COILED_and_PRESSURE_COILED,High selectivity combo,,,False,False
546,0,0.0,0,,,,,,REGIME_COILED_and_PRESSURE_NORMAL_or_COILED,Coiled regime; pressure not broken,,,False,False
