total_days,trade_days,trade_freq,n_trades,win_rate,expectancy,sharpe_ann,t_stat,max_dd,gate_name,notes,uplift_expectancy,uplift_sharpe,meets_min_trades,usable
577,297,0.5147313691507799,297,0.6296296296296297,0.001969526201333886,4.198043594877793,4.557481332961996,-0.0825157240258717,PRESSURE_is_NORMAL,Only NORMAL pressure_state,0.0011810476309218258,2.9662062851991267,True,True
577,414,0.7175043327556326,414,0.6304347826086957,0.0017418918130457316,4.251445539660213,5.449247333767588,-0.0825157240258716,PRESSURE_not_UNRESOLVED,Exclude only unresolved pressure,0.0009534132426336716,3.019608229981546,True,True
577,414,0.7175043327556326,414,0.6304347826086957,0.0017418918130457316,4.251445539660213,5.449247333767588,-0.0825157240258716,PRESSURE_NORMAL_or_COILED,NORMAL + COILED,0.0009534132426336716,3.019608229981546,True,True
577,117,0.2027729636048527,117,0.6324786324786325,0.0011640506735450323,6.2981649030896225,4.291475998603964,-0.008737073950624952,PRESSURE_is_COILED,Only COILED pressure_state,0.00037557210313297223,5.066327593410955,True,True
577,577,1.0,577,0.5719237435008665,0.00078847857041206,1.2318373096786668,1.8639788917997953,-0.18998904129504923,BASELINE_ALL_DAYS,No gating: every day,0.0,0.0,True,True
577,577,1.0,577,0.5719237435008665,0.00078847857041206,1.2318373096786668,1.8639788917997953,-0.18998904129504923,REGIME_not_UNKNOWN,Any day with a regime_label,0.0,0.0,True,True
577,0,0.0,0,,,,,,CURRENT_trade_gate_eq_1,What your pipeline currently allows,,,False,False
577,0,0.0,0,,,,,,REGIME_COILED_and_PRESSURE_COILED,High selectivity combo,,,False,False
577,0,0.0,0,,,,,,REGIME_COILED_and_PRESSURE_NORMAL_or_COILED,Coiled regime; pressure not broken,,,False,False
