total_days,trade_days,trade_freq,n_trades,win_rate,expectancy,sharpe_ann,t_stat,max_dd,gate_name,notes,uplift_expectancy,uplift_sharpe,meets_min_trades,usable
518,265,0.5115830115830116,265,0.6528301886792452,0.002306919945265311,5.042752551688047,5.171187969440619,-0.060019540710255725,PRESSURE_is_NORMAL,Only NORMAL pressure_state,0.001556774142881111,3.881047386243517,True,True
518,370,0.7142857142857143,370,0.6459459459459459,0.0019424518014389408,4.860392154763231,5.88941153792633,-0.05775996437080422,PRESSURE_not_UNRESOLVED,Exclude only unresolved pressure,0.0011923059990547407,3.6986869893187,True,True
518,370,0.7142857142857143,370,0.6459459459459459,0.0019424518014389408,4.860392154763231,5.88941153792633,-0.05775996437080422,PRESSURE_NORMAL_or_COILED,NORMAL + COILED,0.0011923059990547407,3.6986869893187,True,True
518,105,0.20270270270270271,105,0.6285714285714286,0.0010226036289247675,5.8351449572347285,3.7665698736793822,-0.008737073950624952,PRESSURE_is_COILED,Only COILED pressure_state,0.00027245782654056747,4.673439791790198,True,True
518,518,1.0,518,0.5772200772200772,0.0007501458023842,1.1617051654445303,1.665560949592903,-0.18998904129504923,BASELINE_ALL_DAYS,No gating: every day,0.0,0.0,True,True
518,518,1.0,518,0.5772200772200772,0.0007501458023842,1.1617051654445303,1.665560949592903,-0.18998904129504923,REGIME_not_UNKNOWN,Any day with a regime_label,0.0,0.0,True,True
518,0,0.0,0,,,,,,CURRENT_trade_gate_eq_1,What your pipeline currently allows,,,False,False
518,0,0.0,0,,,,,,REGIME_COILED_and_PRESSURE_COILED,High selectivity combo,,,False,False
518,0,0.0,0,,,,,,REGIME_COILED_and_PRESSURE_NORMAL_or_COILED,Coiled regime; pressure not broken,,,False,False
