total_days,trade_days,trade_freq,n_trades,win_rate,expectancy,sharpe_ann,t_stat,max_dd,gate_name,notes,uplift_expectancy,uplift_sharpe,meets_min_trades,usable
520,267,0.5134615384615384,267,0.6479400749063671,0.0022508517227873806,4.919136342410958,5.06342311938244,-0.060019540710255725,PRESSURE_is_NORMAL,Only NORMAL pressure_state,0.0015235072033182675,3.7912950871282574,True,True
520,372,0.7153846153846154,372,0.6424731182795699,0.0019041687930680948,4.7613101682028125,5.784924208470778,-0.05775996437080422,PRESSURE_not_UNRESOLVED,Exclude only unresolved pressure,0.0011768242735989817,3.6334689129201116,True,True
520,372,0.7153846153846154,372,0.6424731182795699,0.0019041687930680948,4.7613101682028125,5.784924208470778,-0.05775996437080422,PRESSURE_NORMAL_or_COILED,NORMAL + COILED,0.0011768242735989817,3.6334689129201116,True,True
520,105,0.20192307692307693,105,0.6285714285714286,0.0010226036289247675,5.8351449572347285,3.7665698736793822,-0.008737073950624952,PRESSURE_is_COILED,Only COILED pressure_state,0.00029525910945565437,4.707303701952028,True,True
520,520,1.0,520,0.575,0.0007273445194691131,1.127841255282701,1.6201281872921847,-0.18998904129504923,BASELINE_ALL_DAYS,No gating: every day,0.0,0.0,True,True
520,520,1.0,520,0.575,0.0007273445194691131,1.127841255282701,1.6201281872921847,-0.18998904129504923,REGIME_not_UNKNOWN,Any day with a regime_label,0.0,0.0,True,True
520,0,0.0,0,,,,,,CURRENT_trade_gate_eq_1,What your pipeline currently allows,,,False,False
520,0,0.0,0,,,,,,REGIME_COILED_and_PRESSURE_COILED,High selectivity combo,,,False,False
520,0,0.0,0,,,,,,REGIME_COILED_and_PRESSURE_NORMAL_or_COILED,Coiled regime; pressure not broken,,,False,False
