total_days,trade_days,trade_freq,n_trades,win_rate,expectancy,sharpe_ann,t_stat,max_dd,gate_name,notes,uplift_expectancy,uplift_sharpe,meets_min_trades,usable
509,258,0.5068762278978389,258,0.6511627906976745,0.0022710496408106314,4.920776524876871,4.979012593674022,-0.060019540710255725,PRESSURE_is_NORMAL,Only NORMAL pressure_state,0.001507134665129536,3.7420402472942453,True,True
509,363,0.7131630648330058,363,0.6446280991735537,0.0019099288935709188,4.755263069611261,5.707259110122339,-0.05775996437080422,PRESSURE_not_UNRESOLVED,Exclude only unresolved pressure,0.0011460139178898232,3.5765267920286354,True,True
509,363,0.7131630648330058,363,0.6446280991735537,0.0019099288935709188,4.755263069611261,5.707259110122339,-0.05775996437080422,PRESSURE_NORMAL_or_COILED,NORMAL + COILED,0.0011460139178898232,3.5765267920286354,True,True
509,105,0.206286836935167,105,0.6285714285714286,0.0010226036289247675,5.8351449572347285,3.7665698736793822,-0.008737073950624952,PRESSURE_is_COILED,Only COILED pressure_state,0.0002586886532436719,4.6564086796521025,True,True
509,509,1.0,509,0.5776031434184676,0.0007639149756810956,1.1787362775826256,1.6752331974051844,-0.18998904129504923,BASELINE_ALL_DAYS,No gating: every day,0.0,0.0,True,True
509,509,1.0,509,0.5776031434184676,0.0007639149756810956,1.1787362775826256,1.6752331974051844,-0.18998904129504923,REGIME_not_UNKNOWN,Any day with a regime_label,0.0,0.0,True,True
509,0,0.0,0,,,,,,CURRENT_trade_gate_eq_1,What your pipeline currently allows,,,False,False
509,0,0.0,0,,,,,,REGIME_COILED_and_PRESSURE_COILED,High selectivity combo,,,False,False
509,0,0.0,0,,,,,,REGIME_COILED_and_PRESSURE_NORMAL_or_COILED,Coiled regime; pressure not broken,,,False,False
