total_days,trade_days,trade_freq,n_trades,win_rate,expectancy,sharpe_ann,t_stat,max_dd,gate_name,notes,uplift_expectancy,uplift_sharpe,meets_min_trades,usable
555,289,0.5207207207207207,289,0.6332179930795848,0.00194669692026072,4.130465948963024,4.423313259433373,-0.0825157240258717,PRESSURE_is_NORMAL,Only NORMAL pressure_state,0.0012027908643177897,2.9810756011274644,True,True
555,399,0.7189189189189189,399,0.631578947368421,0.001710231696148558,4.146871880887773,5.218032687497082,-0.0825157240258716,PRESSURE_not_UNRESOLVED,Exclude only unresolved pressure,0.0009663256402056276,2.997481533052214,True,True
555,399,0.7189189189189189,399,0.631578947368421,0.001710231696148558,4.146871880887773,5.218032687497082,-0.0825157240258716,PRESSURE_NORMAL_or_COILED,NORMAL + COILED,0.0009663256402056276,2.997481533052214,True,True
555,110,0.1981981981981982,110,0.6272727272727273,0.0010889730618902417,6.086259781489003,4.021115592883202,-0.008737073950624952,PRESSURE_is_COILED,Only COILED pressure_state,0.00034506700594731123,4.9368694336534436,True,True
555,555,1.0,555,0.572972972972973,0.0007439060559429304,1.1493903478355594,1.7057436646729722,-0.18998904129504923,BASELINE_ALL_DAYS,No gating: every day,0.0,0.0,True,True
555,555,1.0,555,0.572972972972973,0.0007439060559429304,1.1493903478355594,1.7057436646729722,-0.18998904129504923,REGIME_not_UNKNOWN,Any day with a regime_label,0.0,0.0,True,True
555,0,0.0,0,,,,,,CURRENT_trade_gate_eq_1,What your pipeline currently allows,,,False,False
555,0,0.0,0,,,,,,REGIME_COILED_and_PRESSURE_COILED,High selectivity combo,,,False,False
555,0,0.0,0,,,,,,REGIME_COILED_and_PRESSURE_NORMAL_or_COILED,Coiled regime; pressure not broken,,,False,False
