total_days,trade_days,trade_freq,n_trades,win_rate,expectancy,sharpe_ann,t_stat,max_dd,gate_name,notes,uplift_expectancy,uplift_sharpe,meets_min_trades,usable
508,257,0.5059055118110236,257,0.6498054474708171,0.0022720155697382887,4.913293557960854,4.961797138175238,-0.060019540710255725,PRESSURE_is_NORMAL,Only NORMAL pressure_state,0.001510578725810582,3.7395207347175385,True,True
508,362,0.7125984251968503,362,0.643646408839779,0.0019096170786183449,4.747917274414712,5.6905881907105815,-0.05775996437080422,PRESSURE_not_UNRESOLVED,Exclude only unresolved pressure,0.0011481802346906382,3.5741444511713962,True,True
508,362,0.7125984251968503,362,0.643646408839779,0.0019096170786183449,4.747917274414712,5.6905881907105815,-0.05775996437080422,PRESSURE_NORMAL_or_COILED,NORMAL + COILED,0.0011481802346906382,3.5741444511713962,True,True
508,105,0.20669291338582677,105,0.6285714285714286,0.0010226036289247675,5.8351449572347285,3.7665698736793822,-0.008737073950624952,PRESSURE_is_COILED,Only COILED pressure_state,0.0002611667849970608,4.661372133991414,True,True
508,508,1.0,508,0.5767716535433071,0.0007614368439277067,1.1737728232433153,1.666539592080577,-0.18998904129504923,BASELINE_ALL_DAYS,No gating: every day,0.0,0.0,True,True
508,508,1.0,508,0.5767716535433071,0.0007614368439277067,1.1737728232433153,1.666539592080577,-0.18998904129504923,REGIME_not_UNKNOWN,Any day with a regime_label,0.0,0.0,True,True
508,0,0.0,0,,,,,,CURRENT_trade_gate_eq_1,What your pipeline currently allows,,,False,False
508,0,0.0,0,,,,,,REGIME_COILED_and_PRESSURE_COILED,High selectivity combo,,,False,False
508,0,0.0,0,,,,,,REGIME_COILED_and_PRESSURE_NORMAL_or_COILED,Coiled regime; pressure not broken,,,False,False
