total_days,trade_days,trade_freq,n_trades,win_rate,expectancy,sharpe_ann,t_stat,max_dd,gate_name,notes,uplift_expectancy,uplift_sharpe,meets_min_trades,usable
519,266,0.51252408477842,266,0.650375939849624,0.002277366088509438,4.976578307983673,5.112948168101035,-0.060019540710255725,PRESSURE_is_NORMAL,Only NORMAL pressure_state,0.0015393677846882075,3.8329979379294254,True,True
519,371,0.7148362235067437,371,0.6442048517520216,0.0019222446376835878,4.807280088458203,5.832921218754315,-0.05775996437080422,PRESSURE_not_UNRESOLVED,Exclude only unresolved pressure,0.0011842463338623574,3.6636997184039553,True,True
519,371,0.7148362235067437,371,0.6442048517520216,0.0019222446376835878,4.807280088458203,5.832921218754315,-0.05775996437080422,PRESSURE_NORMAL_or_COILED,NORMAL + COILED,0.0011842463338623574,3.6636997184039553,True,True
519,105,0.2023121387283237,105,0.6285714285714286,0.0010226036289247675,5.8351449572347285,3.7665698736793822,-0.008737073950624952,PRESSURE_is_COILED,Only COILED pressure_state,0.00028460532510353703,4.691564587180481,True,True
519,519,1.0,519,0.5761078998073218,0.0007379983038212305,1.143580370054248,1.6411568903694562,-0.18998904129504923,BASELINE_ALL_DAYS,No gating: every day,0.0,0.0,True,True
519,519,1.0,519,0.5761078998073218,0.0007379983038212305,1.143580370054248,1.6411568903694562,-0.18998904129504923,REGIME_not_UNKNOWN,Any day with a regime_label,0.0,0.0,True,True
519,0,0.0,0,,,,,,CURRENT_trade_gate_eq_1,What your pipeline currently allows,,,False,False
519,0,0.0,0,,,,,,REGIME_COILED_and_PRESSURE_COILED,High selectivity combo,,,False,False
519,0,0.0,0,,,,,,REGIME_COILED_and_PRESSURE_NORMAL_or_COILED,Coiled regime; pressure not broken,,,False,False
