total_days,trade_days,trade_freq,n_trades,win_rate,expectancy,sharpe_ann,t_stat,max_dd,gate_name,notes,uplift_expectancy,uplift_sharpe,meets_min_trades,usable
528,272,0.5151515151515151,272,0.6397058823529411,0.0021562053906048237,4.698977803613353,4.881885342160124,-0.060019540710255725,PRESSURE_is_NORMAL,Only NORMAL pressure_state,0.0014663497906957665,3.6253434085704046,True,True
528,377,0.7140151515151515,377,0.636604774535809,0.0018404807620201926,4.58288611297687,5.605436919925545,-0.05775996437080422,PRESSURE_not_UNRESOLVED,Exclude only unresolved pressure,0.0011506251621111355,3.5092517179339215,True,True
528,377,0.7140151515151515,377,0.636604774535809,0.0018404807620201926,4.58288611297687,5.605436919925545,-0.05775996437080422,PRESSURE_NORMAL_or_COILED,NORMAL + COILED,0.0011506251621111355,3.5092517179339215,True,True
528,105,0.19886363636363635,105,0.6285714285714286,0.0010226036289247675,5.8351449572347285,3.7665698736793822,-0.008737073950624952,PRESSURE_is_COILED,Only COILED pressure_state,0.0003327480290157103,4.761510562191781,True,True
528,528,1.0,528,0.571969696969697,0.0006898555999090572,1.0736343950429483,1.554079053968351,-0.18998904129504923,BASELINE_ALL_DAYS,No gating: every day,0.0,0.0,True,True
528,528,1.0,528,0.571969696969697,0.0006898555999090572,1.0736343950429483,1.554079053968351,-0.18998904129504923,REGIME_not_UNKNOWN,Any day with a regime_label,0.0,0.0,True,True
528,0,0.0,0,,,,,,CURRENT_trade_gate_eq_1,What your pipeline currently allows,,,False,False
528,0,0.0,0,,,,,,REGIME_COILED_and_PRESSURE_COILED,High selectivity combo,,,False,False
528,0,0.0,0,,,,,,REGIME_COILED_and_PRESSURE_NORMAL_or_COILED,Coiled regime; pressure not broken,,,False,False
