total_days,trade_days,trade_freq,n_trades,win_rate,expectancy,sharpe_ann,t_stat,max_dd,gate_name,notes,uplift_expectancy,uplift_sharpe,meets_min_trades,usable
544,285,0.5238970588235294,285,0.6280701754385964,0.0018751893548831194,3.9738083066749907,4.225995914643361,-0.0825157240258717,PRESSURE_is_NORMAL,Only NORMAL pressure_state,0.001259872219413837,3.0238846281934,True,True
544,390,0.7169117647058824,390,0.6282051282051282,0.0016456470440481784,3.975506154989454,4.9456623545124225,-0.0825157240258716,PRESSURE_not_UNRESOLVED,Exclude only unresolved pressure,0.001030329908578896,3.0255824765078634,True,True
544,390,0.7169117647058824,390,0.6282051282051282,0.0016456470440481784,3.975506154989454,4.9456623545124225,-0.0825157240258716,PRESSURE_NORMAL_or_COILED,NORMAL + COILED,0.001030329908578896,3.0255824765078634,True,True
544,105,0.19301470588235295,105,0.6285714285714286,0.0010226036289247675,5.8351449572347285,3.7665698736793822,-0.008737073950624952,PRESSURE_is_COILED,Only COILED pressure_state,0.000407286493455485,4.8852212787531375,True,True
544,544,1.0,544,0.5680147058823529,0.0006153171354692825,0.9499236784815906,1.3956865484261751,-0.18998904129504923,BASELINE_ALL_DAYS,No gating: every day,0.0,0.0,True,True
544,544,1.0,544,0.5680147058823529,0.0006153171354692825,0.9499236784815906,1.3956865484261751,-0.18998904129504923,REGIME_not_UNKNOWN,Any day with a regime_label,0.0,0.0,True,True
544,0,0.0,0,,,,,,CURRENT_trade_gate_eq_1,What your pipeline currently allows,,,False,False
544,0,0.0,0,,,,,,REGIME_COILED_and_PRESSURE_COILED,High selectivity combo,,,False,False
544,0,0.0,0,,,,,,REGIME_COILED_and_PRESSURE_NORMAL_or_COILED,Coiled regime; pressure not broken,,,False,False
