total_days,trade_days,trade_freq,n_trades,win_rate,expectancy,sharpe_ann,t_stat,max_dd,gate_name,notes,uplift_expectancy,uplift_sharpe,meets_min_trades,usable
538,280,0.5204460966542751,280,0.6321428571428571,0.0020151718499834253,4.345024568646005,4.580058042104003,-0.060019540710255725,PRESSURE_is_NORMAL,Only NORMAL pressure_state,0.0013915961104852006,3.374697403298166,True,True
538,385,0.7156133828996283,385,0.6311688311688312,0.0017444714260583369,4.289671997837285,5.302176496749583,-0.05775996437080422,PRESSURE_not_UNRESOLVED,Exclude only unresolved pressure,0.001120895686560112,3.3193448324894455,True,True
538,385,0.7156133828996283,385,0.6311688311688312,0.0017444714260583369,4.289671997837285,5.302176496749583,-0.05775996437080422,PRESSURE_NORMAL_or_COILED,NORMAL + COILED,0.001120895686560112,3.3193448324894455,True,True
538,105,0.19516728624535315,105,0.6285714285714286,0.0010226036289247675,5.8351449572347285,3.7665698736793822,-0.008737073950624952,PRESSURE_is_COILED,Only COILED pressure_state,0.00039902788942654266,4.864817791886889,True,True
538,538,1.0,538,0.5687732342007435,0.0006235757394982248,0.9703271653478394,1.4177806916776008,-0.18998904129504923,BASELINE_ALL_DAYS,No gating: every day,0.0,0.0,True,True
538,538,1.0,538,0.5687732342007435,0.0006235757394982248,0.9703271653478394,1.4177806916776008,-0.18998904129504923,REGIME_not_UNKNOWN,Any day with a regime_label,0.0,0.0,True,True
538,0,0.0,0,,,,,,CURRENT_trade_gate_eq_1,What your pipeline currently allows,,,False,False
538,0,0.0,0,,,,,,REGIME_COILED_and_PRESSURE_COILED,High selectivity combo,,,False,False
538,0,0.0,0,,,,,,REGIME_COILED_and_PRESSURE_NORMAL_or_COILED,Coiled regime; pressure not broken,,,False,False
