total_days,trade_days,trade_freq,n_trades,win_rate,expectancy,sharpe_ann,t_stat,max_dd,gate_name,notes,uplift_expectancy,uplift_sharpe,meets_min_trades,usable
575,296,0.5147826086956522,296,0.6317567567567568,0.001998682909386511,4.262701736271074,4.6198782551784,-0.0825157240258717,PRESSURE_is_NORMAL,Only NORMAL pressure_state,0.001207892619710776,3.028434619283929,True,True
575,412,0.7165217391304348,412,0.6310679611650486,0.0017497463398949554,4.2721792573183714,5.4625799292922625,-0.0825157240258716,PRESSURE_not_UNRESOLVED,Exclude only unresolved pressure,0.0009589560502192208,3.037912140331226,True,True
575,412,0.7165217391304348,412,0.6310679611650486,0.0017497463398949554,4.2721792573183714,5.4625799292922625,-0.0825157240258716,PRESSURE_NORMAL_or_COILED,NORMAL + COILED,0.0009589560502192208,3.037912140331226,True,True
575,116,0.20173913043478262,116,0.6293103448275862,0.0011145288867096068,6.106814654888872,4.143272174482155,-0.008737073950624952,PRESSURE_is_COILED,Only COILED pressure_state,0.00032373859703387217,4.872547537901727,True,True
575,575,1.0,575,0.5721739130434783,0.0007907902896757347,1.2342671169871453,1.86441595470458,-0.18998904129504923,BASELINE_ALL_DAYS,No gating: every day,0.0,0.0,True,True
575,575,1.0,575,0.5721739130434783,0.0007907902896757347,1.2342671169871453,1.86441595470458,-0.18998904129504923,REGIME_not_UNKNOWN,Any day with a regime_label,0.0,0.0,True,True
575,0,0.0,0,,,,,,CURRENT_trade_gate_eq_1,What your pipeline currently allows,,,False,False
575,0,0.0,0,,,,,,REGIME_COILED_and_PRESSURE_COILED,High selectivity combo,,,False,False
575,0,0.0,0,,,,,,REGIME_COILED_and_PRESSURE_NORMAL_or_COILED,Coiled regime; pressure not broken,,,False,False
