total_days,trade_days,trade_freq,n_trades,win_rate,expectancy,sharpe_ann,t_stat,max_dd,gate_name,notes,uplift_expectancy,uplift_sharpe,meets_min_trades,usable
532,276,0.518796992481203,276,0.6376811594202898,0.0020958342345849352,4.534418647782866,4.745433428381953,-0.060019540710255725,PRESSURE_is_NORMAL,Only NORMAL pressure_state,0.0014262738224554007,3.49208431260244,True,True
532,381,0.7161654135338346,381,0.6351706036745407,0.0018000620204266214,4.445966601689104,5.4667399268793995,-0.05775996437080422,PRESSURE_not_UNRESOLVED,Exclude only unresolved pressure,0.001130501608297087,3.4036322665086782,True,True
532,381,0.7161654135338346,381,0.6351706036745407,0.0018000620204266214,4.445966601689104,5.4667399268793995,-0.05775996437080422,PRESSURE_NORMAL_or_COILED,NORMAL + COILED,0.001130501608297087,3.4036322665086782,True,True
532,105,0.19736842105263158,105,0.6285714285714286,0.0010226036289247675,5.8351449572347285,3.7665698736793822,-0.008737073950624952,PRESSURE_is_COILED,Only COILED pressure_state,0.00035304321679523307,4.7928106220543025,True,True
532,532,1.0,532,0.5714285714285714,0.0006695604121295344,1.042334335180426,1.5144766774780432,-0.18998904129504923,BASELINE_ALL_DAYS,No gating: every day,0.0,0.0,True,True
532,532,1.0,532,0.5714285714285714,0.0006695604121295344,1.042334335180426,1.5144766774780432,-0.18998904129504923,REGIME_not_UNKNOWN,Any day with a regime_label,0.0,0.0,True,True
532,0,0.0,0,,,,,,CURRENT_trade_gate_eq_1,What your pipeline currently allows,,,False,False
532,0,0.0,0,,,,,,REGIME_COILED_and_PRESSURE_COILED,High selectivity combo,,,False,False
532,0,0.0,0,,,,,,REGIME_COILED_and_PRESSURE_NORMAL_or_COILED,Coiled regime; pressure not broken,,,False,False
