total_days,trade_days,trade_freq,n_trades,win_rate,expectancy,sharpe_ann,t_stat,max_dd,gate_name,notes,uplift_expectancy,uplift_sharpe,meets_min_trades,usable
551,289,0.5245009074410163,289,0.6332179930795848,0.00194669692026072,4.130465948963024,4.423313259433373,-0.0825157240258717,PRESSURE_is_NORMAL,Only NORMAL pressure_state,0.0012344763449769363,3.0322194991770264,True,True
551,396,0.7186932849364791,396,0.6313131313131313,0.001702105575319538,4.1179315122125075,5.162100338483506,-0.0825157240258716,PRESSURE_not_UNRESOLVED,Exclude only unresolved pressure,0.0009898850000357542,3.01968506242651,True,True
551,396,0.7186932849364791,396,0.6313131313131313,0.001702105575319538,4.1179315122125075,5.162100338483506,-0.0825157240258716,PRESSURE_NORMAL_or_COILED,NORMAL + COILED,0.0009898850000357542,3.01968506242651,True,True
551,107,0.19419237749546278,107,0.6261682242990654,0.0010414803539363462,5.939091357318927,3.870005874504432,-0.008737073950624952,PRESSURE_is_COILED,Only COILED pressure_state,0.0003292597786525624,4.840844907532929,True,True
551,551,1.0,551,0.5716878402903811,0.0007122205752837838,1.0982464497859974,1.623960034403481,-0.18998904129504923,BASELINE_ALL_DAYS,No gating: every day,0.0,0.0,True,True
551,551,1.0,551,0.5716878402903811,0.0007122205752837838,1.0982464497859974,1.623960034403481,-0.18998904129504923,REGIME_not_UNKNOWN,Any day with a regime_label,0.0,0.0,True,True
551,0,0.0,0,,,,,,CURRENT_trade_gate_eq_1,What your pipeline currently allows,,,False,False
551,0,0.0,0,,,,,,REGIME_COILED_and_PRESSURE_COILED,High selectivity combo,,,False,False
551,0,0.0,0,,,,,,REGIME_COILED_and_PRESSURE_NORMAL_or_COILED,Coiled regime; pressure not broken,,,False,False
