total_days,trade_days,trade_freq,n_trades,win_rate,expectancy,sharpe_ann,t_stat,max_dd,gate_name,notes,uplift_expectancy,uplift_sharpe,meets_min_trades,usable
549,287,0.5227686703096539,287,0.6306620209059234,0.0018837565554655964,4.003834880119367,4.272842027261893,-0.0825157240258717,PRESSURE_is_NORMAL,Only NORMAL pressure_state,0.0012089364125791795,2.9632374991977155,True,True
549,394,0.7176684881602914,394,0.6294416243654822,0.0016550165718015614,4.014673946797021,5.019935305281668,-0.0825157240258716,PRESSURE_not_UNRESOLVED,Exclude only unresolved pressure,0.0009801964289151443,2.97407656587537,True,True
549,394,0.7176684881602914,394,0.6294416243654822,0.0016550165718015614,4.014673946797021,5.019935305281668,-0.0825157240258716,PRESSURE_NORMAL_or_COILED,NORMAL + COILED,0.0009801964289151443,2.97407656587537,True,True
549,107,0.19489981785063754,107,0.6261682242990654,0.0010414803539363462,5.939091357318927,3.870005874504432,-0.008737073950624952,PRESSURE_is_COILED,Only COILED pressure_state,0.00036666021104992915,4.898493976397275,True,True
549,549,1.0,549,0.5701275045537341,0.000674820142886417,1.0405973809216518,1.5359201227840251,-0.18998904129504923,BASELINE_ALL_DAYS,No gating: every day,0.0,0.0,True,True
549,549,1.0,549,0.5701275045537341,0.000674820142886417,1.0405973809216518,1.5359201227840251,-0.18998904129504923,REGIME_not_UNKNOWN,Any day with a regime_label,0.0,0.0,True,True
549,0,0.0,0,,,,,,CURRENT_trade_gate_eq_1,What your pipeline currently allows,,,False,False
549,0,0.0,0,,,,,,REGIME_COILED_and_PRESSURE_COILED,High selectivity combo,,,False,False
549,0,0.0,0,,,,,,REGIME_COILED_and_PRESSURE_NORMAL_or_COILED,Coiled regime; pressure not broken,,,False,False
