total_days,trade_days,trade_freq,n_trades,win_rate,expectancy,sharpe_ann,t_stat,max_dd,gate_name,notes,uplift_expectancy,uplift_sharpe,meets_min_trades,usable
513,261,0.5087719298245614,261,0.6513409961685823,0.002264492630065766,4.9321340016836785,5.0194351863046265,-0.060019540710255725,PRESSURE_is_NORMAL,Only NORMAL pressure_state,0.001526703899412457,3.792211647250226,True,True
513,366,0.7134502923976608,366,0.644808743169399,0.0019082129985908893,4.7680625261176734,5.74621953451432,-0.05775996437080422,PRESSURE_not_UNRESOLVED,Exclude only unresolved pressure,0.0011704242679375803,3.6281401716842208,True,True
513,366,0.7134502923976608,366,0.644808743169399,0.0019082129985908893,4.7680625261176734,5.74621953451432,-0.05775996437080422,PRESSURE_NORMAL_or_COILED,NORMAL + COILED,0.0011704242679375803,3.6281401716842208,True,True
513,105,0.2046783625730994,105,0.6285714285714286,0.0010226036289247675,5.8351449572347285,3.7665698736793822,-0.008737073950624952,PRESSURE_is_COILED,Only COILED pressure_state,0.0002848148982714585,4.695222602801276,True,True
513,513,1.0,513,0.5769980506822612,0.000737788730653309,1.1399223544334527,1.6264236568730337,-0.18998904129504923,BASELINE_ALL_DAYS,No gating: every day,0.0,0.0,True,True
513,513,1.0,513,0.5769980506822612,0.000737788730653309,1.1399223544334527,1.6264236568730337,-0.18998904129504923,REGIME_not_UNKNOWN,Any day with a regime_label,0.0,0.0,True,True
513,0,0.0,0,,,,,,CURRENT_trade_gate_eq_1,What your pipeline currently allows,,,False,False
513,0,0.0,0,,,,,,REGIME_COILED_and_PRESSURE_COILED,High selectivity combo,,,False,False
513,0,0.0,0,,,,,,REGIME_COILED_and_PRESSURE_NORMAL_or_COILED,Coiled regime; pressure not broken,,,False,False
