total_days,trade_days,trade_freq,n_trades,win_rate,expectancy,sharpe_ann,t_stat,max_dd,gate_name,notes,uplift_expectancy,uplift_sharpe,meets_min_trades,usable
557,290,0.5206463195691203,290,0.6344827586206897,0.0019749038165290302,4.188928925152128,4.493675629268726,-0.0825157240258717,PRESSURE_is_NORMAL,Only NORMAL pressure_state,0.0012272420414276644,3.033046844707145,True,True
557,400,0.718132854578097,400,0.6325,0.0017312728590033633,4.194483713364505,5.284552754225339,-0.0825157240258716,PRESSURE_not_UNRESOLVED,Exclude only unresolved pressure,0.0009836110839019974,3.038601632919522,True,True
557,400,0.718132854578097,400,0.6325,0.0017312728590033633,4.194483713364505,5.284552754225339,-0.0825157240258716,PRESSURE_NORMAL_or_COILED,NORMAL + COILED,0.0009836110839019974,3.038601632919522,True,True
557,110,0.19748653500897667,110,0.6272727272727273,0.0010889730618902417,6.086259781489003,4.021115592883202,-0.008737073950624952,PRESSURE_is_COILED,Only COILED pressure_state,0.0003413112867888758,4.93037770104402,True,True
557,557,1.0,557,0.5727109515260324,0.0007476617751013658,1.155882080444983,1.7184656602653847,-0.18998904129504923,BASELINE_ALL_DAYS,No gating: every day,0.0,0.0,True,True
557,557,1.0,557,0.5727109515260324,0.0007476617751013658,1.155882080444983,1.7184656602653847,-0.18998904129504923,REGIME_not_UNKNOWN,Any day with a regime_label,0.0,0.0,True,True
557,0,0.0,0,,,,,,CURRENT_trade_gate_eq_1,What your pipeline currently allows,,,False,False
557,0,0.0,0,,,,,,REGIME_COILED_and_PRESSURE_COILED,High selectivity combo,,,False,False
557,0,0.0,0,,,,,,REGIME_COILED_and_PRESSURE_NORMAL_or_COILED,Coiled regime; pressure not broken,,,False,False
