total_days,trade_days,trade_freq,n_trades,win_rate,expectancy,sharpe_ann,t_stat,max_dd,gate_name,notes,uplift_expectancy,uplift_sharpe,meets_min_trades,usable
570,293,0.5140350877192983,293,0.6348122866894198,0.001999775633182003,4.2503706306459,4.583110642153741,-0.0825157240258717,PRESSURE_is_NORMAL,Only NORMAL pressure_state,0.0011988862223204343,3.003260363425418,True,True
570,409,0.7175438596491228,409,0.6332518337408313,0.0017512555887734085,4.266649744722997,5.435611090649384,-0.0825157240258716,PRESSURE_not_UNRESOLVED,Exclude only unresolved pressure,0.0009503661779118398,3.019539477502515,True,True
570,409,0.7175438596491228,409,0.6332518337408313,0.0017512555887734085,4.266649744722997,5.435611090649384,-0.0825157240258716,PRESSURE_NORMAL_or_COILED,NORMAL + COILED,0.0009503661779118398,3.019539477502515,True,True
570,116,0.20350877192982456,116,0.6293103448275862,0.0011235282352241133,6.1449665945489675,4.169157006252782,-0.008737073950624952,PRESSURE_is_COILED,Only COILED pressure_state,0.0003226388243625447,4.897856327328485,True,True
570,570,1.0,570,0.5736842105263158,0.0008008894108615687,1.2471102672204826,1.8756077222598992,-0.18998904129504923,BASELINE_ALL_DAYS,No gating: every day,0.0,0.0,True,True
570,570,1.0,570,0.5736842105263158,0.0008008894108615687,1.2471102672204826,1.8756077222598992,-0.18998904129504923,REGIME_not_UNKNOWN,Any day with a regime_label,0.0,0.0,True,True
570,0,0.0,0,,,,,,CURRENT_trade_gate_eq_1,What your pipeline currently allows,,,False,False
570,0,0.0,0,,,,,,REGIME_COILED_and_PRESSURE_COILED,High selectivity combo,,,False,False
570,0,0.0,0,,,,,,REGIME_COILED_and_PRESSURE_NORMAL_or_COILED,Coiled regime; pressure not broken,,,False,False
