total_days,trade_days,trade_freq,n_trades,win_rate,expectancy,sharpe_ann,t_stat,max_dd,gate_name,notes,uplift_expectancy,uplift_sharpe,meets_min_trades,usable
507,256,0.504930966469428,256,0.65234375,0.002291191810947312,4.949418017525779,4.988544460524014,-0.060019540710255725,PRESSURE_is_NORMAL,Only NORMAL pressure_state,0.0015230517342312436,3.766353005923949,True,True
507,361,0.7120315581854043,361,0.6454293628808865,0.0019222118688077907,4.775972942166527,5.71630230460895,-0.05775996437080422,PRESSURE_not_UNRESOLVED,Exclude only unresolved pressure,0.0011540717920917225,3.5929079305646976,True,True
507,361,0.7120315581854043,361,0.6454293628808865,0.0019222118688077907,4.775972942166527,5.71630230460895,-0.05775996437080422,PRESSURE_NORMAL_or_COILED,NORMAL + COILED,0.0011540717920917225,3.5929079305646976,True,True
507,105,0.20710059171597633,105,0.6285714285714286,0.0010226036289247675,5.8351449572347285,3.7665698736793822,-0.008737073950624952,PRESSURE_is_COILED,Only COILED pressure_state,0.00025446355220869914,4.652079945632899,True,True
507,507,1.0,507,0.5779092702169625,0.0007681400767160683,1.1830650116018295,1.6780786804845118,-0.18998904129504923,BASELINE_ALL_DAYS,No gating: every day,0.0,0.0,True,True
507,507,1.0,507,0.5779092702169625,0.0007681400767160683,1.1830650116018295,1.6780786804845118,-0.18998904129504923,REGIME_not_UNKNOWN,Any day with a regime_label,0.0,0.0,True,True
507,0,0.0,0,,,,,,CURRENT_trade_gate_eq_1,What your pipeline currently allows,,,False,False
507,0,0.0,0,,,,,,REGIME_COILED_and_PRESSURE_COILED,High selectivity combo,,,False,False
507,0,0.0,0,,,,,,REGIME_COILED_and_PRESSURE_NORMAL_or_COILED,Coiled regime; pressure not broken,,,False,False
