total_days,trade_days,trade_freq,n_trades,win_rate,expectancy,sharpe_ann,t_stat,max_dd,gate_name,notes,uplift_expectancy,uplift_sharpe,meets_min_trades,usable
570,293,0.5140350877192983,293,0.6348122866894198,0.001999775633182003,4.2503706306459,4.583110642153741,-0.0825157240258717,PRESSURE_is_NORMAL,Only NORMAL pressure_state,0.00120071766868479,3.0060682893043404,True,True
570,409,0.7175438596491228,409,0.6332518337408313,0.0017487032063096364,4.26070079812781,5.428032273069978,-0.0825157240258716,PRESSURE_not_UNRESOLVED,Exclude only unresolved pressure,0.0009496452418124234,3.0163984567862503,True,True
570,409,0.7175438596491228,409,0.6332518337408313,0.0017487032063096364,4.26070079812781,5.428032273069978,-0.0825157240258716,PRESSURE_NORMAL_or_COILED,NORMAL + COILED,0.0009496452418124234,3.0163984567862503,True,True
570,116,0.20350877192982456,116,0.6293103448275862,0.0011145288867096068,6.106814654888872,4.143272174482155,-0.008737073950624952,PRESSURE_is_COILED,Only COILED pressure_state,0.0003154709222123939,4.862512313547312,True,True
570,570,1.0,570,0.5736842105263158,0.0007990579644972129,1.24430234134156,1.8713847055784807,-0.18998904129504923,BASELINE_ALL_DAYS,No gating: every day,0.0,0.0,True,True
570,570,1.0,570,0.5736842105263158,0.0007990579644972129,1.24430234134156,1.8713847055784807,-0.18998904129504923,REGIME_not_UNKNOWN,Any day with a regime_label,0.0,0.0,True,True
570,0,0.0,0,,,,,,CURRENT_trade_gate_eq_1,What your pipeline currently allows,,,False,False
570,0,0.0,0,,,,,,REGIME_COILED_and_PRESSURE_COILED,High selectivity combo,,,False,False
570,0,0.0,0,,,,,,REGIME_COILED_and_PRESSURE_NORMAL_or_COILED,Coiled regime; pressure not broken,,,False,False
