total_days,trade_days,trade_freq,n_trades,win_rate,expectancy,sharpe_ann,t_stat,max_dd,gate_name,notes,uplift_expectancy,uplift_sharpe,meets_min_trades,usable
568,292,0.5140845070422535,292,0.6335616438356164,0.0019783499572639885,4.202695517532203,4.523963393946227,-0.0825157240258717,PRESSURE_is_NORMAL,Only NORMAL pressure_state,0.0011950235819704362,2.9844393090938706,True,True
568,407,0.7165492957746479,407,0.6314496314496314,0.0017314151174053255,4.213429123836294,5.354668963842014,-0.0825157240258716,PRESSURE_not_UNRESOLVED,Exclude only unresolved pressure,0.0009480887421117733,2.995172915397961,True,True
568,407,0.7165492957746479,407,0.6314496314496314,0.0017314151174053255,4.213429123836294,5.354668963842014,-0.0825157240258716,PRESSURE_NORMAL_or_COILED,NORMAL + COILED,0.0009480887421117733,2.995172915397961,True,True
568,115,0.20246478873239437,115,0.6260869565217392,0.0011044153501120245,6.029294740267947,4.073007075468434,-0.008737073950624952,PRESSURE_is_COILED,Only COILED pressure_state,0.00032108897481847234,4.811038531829614,True,True
568,568,1.0,568,0.5721830985915493,0.0007833263752935522,1.2182562084383328,1.8289950527786505,-0.18998904129504923,BASELINE_ALL_DAYS,No gating: every day,0.0,0.0,True,True
568,568,1.0,568,0.5721830985915493,0.0007833263752935522,1.2182562084383328,1.8289950527786505,-0.18998904129504923,REGIME_not_UNKNOWN,Any day with a regime_label,0.0,0.0,True,True
568,0,0.0,0,,,,,,CURRENT_trade_gate_eq_1,What your pipeline currently allows,,,False,False
568,0,0.0,0,,,,,,REGIME_COILED_and_PRESSURE_COILED,High selectivity combo,,,False,False
568,0,0.0,0,,,,,,REGIME_COILED_and_PRESSURE_NORMAL_or_COILED,Coiled regime; pressure not broken,,,False,False
