total_days,trade_days,trade_freq,n_trades,win_rate,expectancy,sharpe_ann,t_stat,max_dd,gate_name,notes,uplift_expectancy,uplift_sharpe,meets_min_trades,usable
565,290,0.5132743362831859,290,0.6344827586206897,0.0019749038165290302,4.188928925152128,4.493675629268726,-0.0825157240258717,PRESSURE_is_NORMAL,Only NORMAL pressure_state,0.0012207907882209699,3.016832401379067,True,True
565,405,0.7168141592920354,405,0.6320987654320988,0.0017277280791513619,4.201706662110526,5.326635393905797,-0.0825157240258716,PRESSURE_not_UNRESOLVED,Exclude only unresolved pressure,0.0009736150508433015,3.029610138337465,True,True
565,405,0.7168141592920354,405,0.6320987654320988,0.0017277280791513619,4.201706662110526,5.326635393905797,-0.0825157240258716,PRESSURE_NORMAL_or_COILED,NORMAL + COILED,0.0009736150508433015,3.029610138337465,True,True
565,115,0.20353982300884957,115,0.6260869565217392,0.0011044153501120245,6.029294740267947,4.073007075468434,-0.008737073950624952,PRESSURE_is_COILED,Only COILED pressure_state,0.00035030232180396415,4.8571982164948855,True,True
565,565,1.0,565,0.5716814159292035,0.0007541130283080604,1.172096523773061,1.7550412619941456,-0.18998904129504923,BASELINE_ALL_DAYS,No gating: every day,0.0,0.0,True,True
565,565,1.0,565,0.5716814159292035,0.0007541130283080604,1.172096523773061,1.7550412619941456,-0.18998904129504923,REGIME_not_UNKNOWN,Any day with a regime_label,0.0,0.0,True,True
565,0,0.0,0,,,,,,CURRENT_trade_gate_eq_1,What your pipeline currently allows,,,False,False
565,0,0.0,0,,,,,,REGIME_COILED_and_PRESSURE_COILED,High selectivity combo,,,False,False
565,0,0.0,0,,,,,,REGIME_COILED_and_PRESSURE_NORMAL_or_COILED,Coiled regime; pressure not broken,,,False,False
