total_days,trade_days,trade_freq,n_trades,win_rate,expectancy,sharpe_ann,t_stat,max_dd,gate_name,notes,uplift_expectancy,uplift_sharpe,meets_min_trades,usable
530,274,0.5169811320754717,274,0.635036496350365,0.0020643896449661237,4.460047478849609,4.650658957714476,-0.060019540710255725,PRESSURE_is_NORMAL,Only NORMAL pressure_state,0.0014164676577431274,3.4524374905386424,True,True
530,379,0.7150943396226415,379,0.633245382585752,0.0017757681893346134,4.384344524175889,5.376801561362593,-0.05775996437080422,PRESSURE_not_UNRESOLVED,Exclude only unresolved pressure,0.001127846202111617,3.376734535864922,True,True
530,379,0.7150943396226415,379,0.633245382585752,0.0017757681893346134,4.384344524175889,5.376801561362593,-0.05775996437080422,PRESSURE_NORMAL_or_COILED,NORMAL + COILED,0.001127846202111617,3.376734535864922,True,True
530,105,0.19811320754716982,105,0.6285714285714286,0.0010226036289247675,5.8351449572347285,3.7665698736793822,-0.008737073950624952,PRESSURE_is_COILED,Only COILED pressure_state,0.0003746816417017711,4.827534968923762,True,True
530,530,1.0,530,0.569811320754717,0.0006479219872229964,1.007609988310967,1.461268856285705,-0.18998904129504923,BASELINE_ALL_DAYS,No gating: every day,0.0,0.0,True,True
530,530,1.0,530,0.569811320754717,0.0006479219872229964,1.007609988310967,1.461268856285705,-0.18998904129504923,REGIME_not_UNKNOWN,Any day with a regime_label,0.0,0.0,True,True
530,0,0.0,0,,,,,,CURRENT_trade_gate_eq_1,What your pipeline currently allows,,,False,False
530,0,0.0,0,,,,,,REGIME_COILED_and_PRESSURE_COILED,High selectivity combo,,,False,False
530,0,0.0,0,,,,,,REGIME_COILED_and_PRESSURE_NORMAL_or_COILED,Coiled regime; pressure not broken,,,False,False
