total_days,trade_days,trade_freq,n_trades,win_rate,expectancy,sharpe_ann,t_stat,max_dd,gate_name,notes,uplift_expectancy,uplift_sharpe,meets_min_trades,usable
540,282,0.5222222222222223,282,0.6276595744680851,0.0018770832989854342,3.964252562220359,4.193586440206503,-0.07943785913651069,PRESSURE_is_NORMAL,Only NORMAL pressure_state,0.0013204664097843633,3.1015213318056243,True,True
540,387,0.7166666666666667,387,0.627906976744186,0.0016452477295891292,3.9662907460282555,4.915183756655287,-0.07943785913651058,PRESSURE_not_UNRESOLVED,Exclude only unresolved pressure,0.0010886308403880583,3.103559515613521,True,True
540,387,0.7166666666666667,387,0.627906976744186,0.0016452477295891292,3.9662907460282555,4.915183756655287,-0.07943785913651058,PRESSURE_NORMAL_or_COILED,NORMAL + COILED,0.0010886308403880583,3.103559515613521,True,True
540,105,0.19444444444444445,105,0.6285714285714286,0.0010226036289247675,5.8351449572347285,3.7665698736793822,-0.008737073950624952,PRESSURE_is_COILED,Only COILED pressure_state,0.0004659867397236966,4.972413726819994,True,True
540,540,1.0,540,0.5666666666666667,0.0005566168892010709,0.8627312304147345,1.2629092060450757,-0.18998904129504923,BASELINE_ALL_DAYS,No gating: every day,0.0,0.0,True,True
540,540,1.0,540,0.5666666666666667,0.0005566168892010709,0.8627312304147345,1.2629092060450757,-0.18998904129504923,REGIME_not_UNKNOWN,Any day with a regime_label,0.0,0.0,True,True
540,0,0.0,0,,,,,,CURRENT_trade_gate_eq_1,What your pipeline currently allows,,,False,False
540,0,0.0,0,,,,,,REGIME_COILED_and_PRESSURE_COILED,High selectivity combo,,,False,False
540,0,0.0,0,,,,,,REGIME_COILED_and_PRESSURE_NORMAL_or_COILED,Coiled regime; pressure not broken,,,False,False
