total_days,trade_days,trade_freq,n_trades,win_rate,expectancy,sharpe_ann,t_stat,max_dd,gate_name,notes,uplift_expectancy,uplift_sharpe,meets_min_trades,usable
559,290,0.518783542039356,290,0.6344827586206897,0.0019749038165290302,4.188928925152128,4.493675629268726,-0.0825157240258717,PRESSURE_is_NORMAL,Only NORMAL pressure_state,0.001222996512876687,3.0250933939771962,True,True
559,401,0.7173524150268337,401,0.6334164588528678,0.0017462804028961832,4.231682144886749,5.338078485775971,-0.0825157240258716,PRESSURE_not_UNRESOLVED,Exclude only unresolved pressure,0.00099437309924384,3.067846613711817,True,True
559,401,0.7173524150268337,401,0.6334164588528678,0.0017462804028961832,4.231682144886749,5.338078485775971,-0.0825157240258716,PRESSURE_NORMAL_or_COILED,NORMAL + COILED,0.00099437309924384,3.067846613711817,True,True
559,111,0.19856887298747763,111,0.6306306306306306,0.0011489759889004576,6.295560587787106,4.178261593448994,-0.008737073950624952,PRESSURE_is_COILED,Only COILED pressure_state,0.0003970686852481144,5.131725056612174,True,True
559,559,1.0,559,0.5724508050089445,0.0007519073036523432,1.1638355311749318,1.733393825966516,-0.18998904129504923,BASELINE_ALL_DAYS,No gating: every day,0.0,0.0,True,True
559,559,1.0,559,0.5724508050089445,0.0007519073036523432,1.1638355311749318,1.733393825966516,-0.18998904129504923,REGIME_not_UNKNOWN,Any day with a regime_label,0.0,0.0,True,True
559,0,0.0,0,,,,,,CURRENT_trade_gate_eq_1,What your pipeline currently allows,,,False,False
559,0,0.0,0,,,,,,REGIME_COILED_and_PRESSURE_COILED,High selectivity combo,,,False,False
559,0,0.0,0,,,,,,REGIME_COILED_and_PRESSURE_NORMAL_or_COILED,Coiled regime; pressure not broken,,,False,False
