total_days,trade_days,trade_freq,n_trades,win_rate,expectancy,sharpe_ann,t_stat,max_dd,gate_name,notes,uplift_expectancy,uplift_sharpe,meets_min_trades,usable
562,290,0.5160142348754448,290,0.6344827586206897,0.0019749038165290302,4.188928925152128,4.493675629268726,-0.0825157240258717,PRESSURE_is_NORMAL,Only NORMAL pressure_state,0.0012328780168702742,3.0376313501190726,True,True
562,404,0.7188612099644128,404,0.6311881188118812,0.0017251503916532935,4.190374652446209,5.305707038912495,-0.0825157240258716,PRESSURE_not_UNRESOLVED,Exclude only unresolved pressure,0.0009831245919945375,3.039077077413154,True,True
562,404,0.7188612099644128,404,0.6311881188118812,0.0017251503916532935,4.190374652446209,5.305707038912495,-0.0825157240258716,PRESSURE_NORMAL_or_COILED,NORMAL + COILED,0.0009831245919945375,3.039077077413154,True,True
562,114,0.20284697508896798,114,0.6228070175438597,0.001089812731881683,5.932031354005808,3.989841039061855,-0.008737073950624952,PRESSURE_is_COILED,Only COILED pressure_state,0.000347786932222927,4.780733778972753,True,True
562,562,1.0,562,0.5711743772241993,0.000742025799658756,1.1512975750330554,1.7193150995724256,-0.18998904129504923,BASELINE_ALL_DAYS,No gating: every day,0.0,0.0,True,True
562,562,1.0,562,0.5711743772241993,0.000742025799658756,1.1512975750330554,1.7193150995724256,-0.18998904129504923,REGIME_not_UNKNOWN,Any day with a regime_label,0.0,0.0,True,True
562,0,0.0,0,,,,,,CURRENT_trade_gate_eq_1,What your pipeline currently allows,,,False,False
562,0,0.0,0,,,,,,REGIME_COILED_and_PRESSURE_COILED,High selectivity combo,,,False,False
562,0,0.0,0,,,,,,REGIME_COILED_and_PRESSURE_NORMAL_or_COILED,Coiled regime; pressure not broken,,,False,False
