total_days,trade_days,trade_freq,n_trades,win_rate,expectancy,sharpe_ann,t_stat,max_dd,gate_name,notes,uplift_expectancy,uplift_sharpe,meets_min_trades,usable
506,255,0.5039525691699605,255,0.6509803921568628,0.0022812679390475468,4.919456817609975,4.948652663349494,-0.060019540710255725,PRESSURE_is_NORMAL,Only NORMAL pressure_state,0.0015211390067359676,3.749708578473485,True,True
506,360,0.7114624505928854,360,0.6444444444444445,0.001914157515261736,4.750713762148084,5.67818900327802,-0.05775996437080422,PRESSURE_not_UNRESOLVED,Exclude only unresolved pressure,0.0011540285829501565,3.580965523011595,True,True
506,360,0.7114624505928854,360,0.6444444444444445,0.001914157515261736,4.750713762148084,5.67818900327802,-0.05775996437080422,PRESSURE_NORMAL_or_COILED,NORMAL + COILED,0.0011540285829501565,3.580965523011595,True,True
506,105,0.2075098814229249,105,0.6285714285714286,0.0010226036289247675,5.8351449572347285,3.7665698736793822,-0.008737073950624952,PRESSURE_is_COILED,Only COILED pressure_state,0.0002624746966131882,4.665396718098239,True,True
506,506,1.0,506,0.5770750988142292,0.0007601289323115793,1.1697482391364895,1.65755286388829,-0.18998904129504923,BASELINE_ALL_DAYS,No gating: every day,0.0,0.0,True,True
506,506,1.0,506,0.5770750988142292,0.0007601289323115793,1.1697482391364895,1.65755286388829,-0.18998904129504923,REGIME_not_UNKNOWN,Any day with a regime_label,0.0,0.0,True,True
506,0,0.0,0,,,,,,CURRENT_trade_gate_eq_1,What your pipeline currently allows,,,False,False
506,0,0.0,0,,,,,,REGIME_COILED_and_PRESSURE_COILED,High selectivity combo,,,False,False
506,0,0.0,0,,,,,,REGIME_COILED_and_PRESSURE_NORMAL_or_COILED,Coiled regime; pressure not broken,,,False,False
