total_days,trade_days,trade_freq,n_trades,win_rate,expectancy,sharpe_ann,t_stat,max_dd,gate_name,notes,uplift_expectancy,uplift_sharpe,meets_min_trades,usable
515,263,0.5106796116504855,263,0.6501901140684411,0.002264741430034919,4.9429043039165235,5.049632894824703,-0.060019540710255725,PRESSURE_is_NORMAL,Only NORMAL pressure_state,0.0015208966951277998,3.79195257743271,True,True
515,368,0.7145631067961165,368,0.6440217391304348,0.0019103271117833812,4.778464509132603,5.774468328420483,-0.05775996437080422,PRESSURE_not_UNRESOLVED,Exclude only unresolved pressure,0.0011664823768762621,3.6275127826487896,True,True
515,368,0.7145631067961165,368,0.6440217391304348,0.0019103271117833812,4.778464509132603,5.774468328420483,-0.05775996437080422,PRESSURE_NORMAL_or_COILED,NORMAL + COILED,0.0011664823768762621,3.6275127826487896,True,True
515,105,0.20388349514563106,105,0.6285714285714286,0.0010226036289247675,5.8351449572347285,3.7665698736793822,-0.008737073950624952,PRESSURE_is_COILED,Only COILED pressure_state,0.00027875889401764837,4.684193230750915,True,True
515,515,1.0,515,0.5766990291262136,0.0007438447349071191,1.1509517264838134,1.6453581731194873,-0.18998904129504923,BASELINE_ALL_DAYS,No gating: every day,0.0,0.0,True,True
515,515,1.0,515,0.5766990291262136,0.0007438447349071191,1.1509517264838134,1.6453581731194873,-0.18998904129504923,REGIME_not_UNKNOWN,Any day with a regime_label,0.0,0.0,True,True
515,0,0.0,0,,,,,,CURRENT_trade_gate_eq_1,What your pipeline currently allows,,,False,False
515,0,0.0,0,,,,,,REGIME_COILED_and_PRESSURE_COILED,High selectivity combo,,,False,False
515,0,0.0,0,,,,,,REGIME_COILED_and_PRESSURE_NORMAL_or_COILED,Coiled regime; pressure not broken,,,False,False
