total_days,trade_days,trade_freq,n_trades,win_rate,expectancy,sharpe_ann,t_stat,max_dd,gate_name,notes,uplift_expectancy,uplift_sharpe,meets_min_trades,usable
539,281,0.5213358070500927,281,0.6298932384341637,0.0019444461702392186,4.146428931565956,4.378517760609042,-0.06346822845218125,PRESSURE_is_NORMAL,Only NORMAL pressure_state,0.0013551604491039565,3.2313930239970428,True,True
539,386,0.7161410018552876,386,0.6295336787564767,0.0016936858934567902,4.1211492413188875,5.100487929009236,-0.06346822845218125,PRESSURE_not_UNRESOLVED,Exclude only unresolved pressure,0.001104400172321528,3.206113333749974,True,True
539,386,0.7161410018552876,386,0.6295336787564767,0.0016936858934567902,4.1211492413188875,5.100487929009236,-0.06346822845218125,PRESSURE_NORMAL_or_COILED,NORMAL + COILED,0.001104400172321528,3.206113333749974,True,True
539,105,0.19480519480519481,105,0.6285714285714286,0.0010226036289247675,5.8351449572347285,3.7665698736793822,-0.008737073950624952,PRESSURE_is_COILED,Only COILED pressure_state,0.00043331790778950536,4.920109049665815,True,True
539,539,1.0,539,0.5677179962894249,0.0005892857211352621,0.9150359075689135,1.3382345836837075,-0.18998904129504923,BASELINE_ALL_DAYS,No gating: every day,0.0,0.0,True,True
539,539,1.0,539,0.5677179962894249,0.0005892857211352621,0.9150359075689135,1.3382345836837075,-0.18998904129504923,REGIME_not_UNKNOWN,Any day with a regime_label,0.0,0.0,True,True
539,0,0.0,0,,,,,,CURRENT_trade_gate_eq_1,What your pipeline currently allows,,,False,False
539,0,0.0,0,,,,,,REGIME_COILED_and_PRESSURE_COILED,High selectivity combo,,,False,False
539,0,0.0,0,,,,,,REGIME_COILED_and_PRESSURE_NORMAL_or_COILED,Coiled regime; pressure not broken,,,False,False
