total_days,trade_days,trade_freq,n_trades,win_rate,expectancy,sharpe_ann,t_stat,max_dd,gate_name,notes,uplift_expectancy,uplift_sharpe,meets_min_trades,usable
516,263,0.5096899224806202,263,0.6501901140684411,0.002264741430034919,4.9429043039165235,5.049632894824703,-0.060019540710255725,PRESSURE_is_NORMAL,Only NORMAL pressure_state,0.001542127600114586,3.824952954579766,True,True
516,368,0.7131782945736435,368,0.6440217391304348,0.0019103271117833812,4.778464509132603,5.774468328420483,-0.05775996437080422,PRESSURE_not_UNRESOLVED,Exclude only unresolved pressure,0.0011877132818630483,3.660513159795846,True,True
516,368,0.7131782945736435,368,0.6440217391304348,0.0019103271117833812,4.778464509132603,5.774468328420483,-0.05775996437080422,PRESSURE_NORMAL_or_COILED,NORMAL + COILED,0.0011877132818630483,3.660513159795846,True,True
516,105,0.20348837209302326,105,0.6285714285714286,0.0010226036289247675,5.8351449572347285,3.7665698736793822,-0.008737073950624952,PRESSURE_is_COILED,Only COILED pressure_state,0.0002999897990044345,4.717193607897971,True,True
516,516,1.0,516,0.5755813953488372,0.000722613829920333,1.1179513493367577,1.599732930654166,-0.18998904129504923,BASELINE_ALL_DAYS,No gating: every day,0.0,0.0,True,True
516,516,1.0,516,0.5755813953488372,0.000722613829920333,1.1179513493367577,1.599732930654166,-0.18998904129504923,REGIME_not_UNKNOWN,Any day with a regime_label,0.0,0.0,True,True
516,0,0.0,0,,,,,,CURRENT_trade_gate_eq_1,What your pipeline currently allows,,,False,False
516,0,0.0,0,,,,,,REGIME_COILED_and_PRESSURE_COILED,High selectivity combo,,,False,False
516,0,0.0,0,,,,,,REGIME_COILED_and_PRESSURE_NORMAL_or_COILED,Coiled regime; pressure not broken,,,False,False
