total_days,trade_days,trade_freq,n_trades,win_rate,expectancy,sharpe_ann,t_stat,max_dd,gate_name,notes,uplift_expectancy,uplift_sharpe,meets_min_trades,usable
543,284,0.5230202578268877,284,0.6267605633802817,0.001878621449695767,3.974185185532901,4.21897546449852,-0.0825157240258717,PRESSURE_is_NORMAL,Only NORMAL pressure_state,0.0012638294657782742,3.025945916545492,True,True
543,389,0.716390423572744,389,0.6272493573264781,0.0016475626548861143,3.9750805598315857,4.938788916689799,-0.0825157240258716,PRESSURE_not_UNRESOLVED,Exclude only unresolved pressure,0.0010327706709686215,3.0268412908441764,True,True
543,389,0.716390423572744,389,0.6272493573264781,0.0016475626548861143,3.9750805598315857,4.938788916689799,-0.0825157240258716,PRESSURE_NORMAL_or_COILED,NORMAL + COILED,0.0010327706709686215,3.0268412908441764,True,True
543,105,0.19337016574585636,105,0.6285714285714286,0.0010226036289247675,5.8351449572347285,3.7665698736793822,-0.008737073950624952,PRESSURE_is_COILED,Only COILED pressure_state,0.0004078116450072748,4.886905688247319,True,True
543,543,1.0,543,0.567219152854512,0.0006147919839174927,0.9482392689874091,1.3919305954586678,-0.18998904129504923,BASELINE_ALL_DAYS,No gating: every day,0.0,0.0,True,True
543,543,1.0,543,0.567219152854512,0.0006147919839174927,0.9482392689874091,1.3919305954586678,-0.18998904129504923,REGIME_not_UNKNOWN,Any day with a regime_label,0.0,0.0,True,True
543,0,0.0,0,,,,,,CURRENT_trade_gate_eq_1,What your pipeline currently allows,,,False,False
543,0,0.0,0,,,,,,REGIME_COILED_and_PRESSURE_COILED,High selectivity combo,,,False,False
543,0,0.0,0,,,,,,REGIME_COILED_and_PRESSURE_NORMAL_or_COILED,Coiled regime; pressure not broken,,,False,False
