total_days,trade_days,trade_freq,n_trades,win_rate,expectancy,sharpe_ann,t_stat,max_dd,gate_name,notes,uplift_expectancy,uplift_sharpe,meets_min_trades,usable
561,290,0.5169340463458111,290,0.6344827586206897,0.0019749038165290302,4.188928925152128,4.493675629268726,-0.0825157240258717,PRESSURE_is_NORMAL,Only NORMAL pressure_state,0.0012312798584145639,3.036172588391816,True,True
561,403,0.7183600713012478,403,0.6327543424317618,0.001729814638515944,4.196919631340575,5.307413264044117,-0.0825157240258716,PRESSURE_not_UNRESOLVED,Exclude only unresolved pressure,0.0009861906804014774,3.0441632945802626,True,True
561,403,0.7183600713012478,403,0.6327543424317618,0.001729814638515944,4.196919631340575,5.307413264044117,-0.0825157240258716,PRESSURE_NORMAL_or_COILED,NORMAL + COILED,0.0009861906804014774,3.0441632945802626,True,True
561,113,0.2014260249554367,113,0.6283185840707964,0.0011008247126416519,5.970253077189945,3.9978978424796403,-0.008737073950624952,PRESSURE_is_COILED,Only COILED pressure_state,0.0003572007545271854,4.8174967404296325,True,True
561,561,1.0,561,0.5721925133689839,0.0007436239581144665,1.1527563367603124,1.7199613130788212,-0.18998904129504923,BASELINE_ALL_DAYS,No gating: every day,0.0,0.0,True,True
561,561,1.0,561,0.5721925133689839,0.0007436239581144665,1.1527563367603124,1.7199613130788212,-0.18998904129504923,REGIME_not_UNKNOWN,Any day with a regime_label,0.0,0.0,True,True
561,0,0.0,0,,,,,,CURRENT_trade_gate_eq_1,What your pipeline currently allows,,,False,False
561,0,0.0,0,,,,,,REGIME_COILED_and_PRESSURE_COILED,High selectivity combo,,,False,False
561,0,0.0,0,,,,,,REGIME_COILED_and_PRESSURE_NORMAL_or_COILED,Coiled regime; pressure not broken,,,False,False
