total_days,trade_days,trade_freq,n_trades,win_rate,expectancy,sharpe_ann,t_stat,max_dd,gate_name,notes,uplift_expectancy,uplift_sharpe,meets_min_trades,usable
525,270,0.5142857142857142,270,0.6444444444444445,0.002182778165973955,4.743590624487015,4.910082776366669,-0.060019540710255725,PRESSURE_is_NORMAL,Only NORMAL pressure_state,0.001500214268495653,3.683614738222335,True,True
525,375,0.7142857142857143,375,0.64,0.0018579292956001823,4.617275024662555,5.6324987917395335,-0.05775996437080422,PRESSURE_not_UNRESOLVED,Exclude only unresolved pressure,0.0011753653981218803,3.557299138397875,True,True
525,375,0.7142857142857143,375,0.64,0.0018579292956001823,4.617275024662555,5.6324987917395335,-0.05775996437080422,PRESSURE_NORMAL_or_COILED,NORMAL + COILED,0.0011753653981218803,3.557299138397875,True,True
525,105,0.2,105,0.6285714285714286,0.0010226036289247675,5.8351449572347285,3.7665698736793822,-0.008737073950624952,PRESSURE_is_COILED,Only COILED pressure_state,0.00034003973144646567,4.7751690709700485,True,True
525,525,1.0,525,0.5733333333333334,0.0006825638974783018,1.0599758862646802,1.529943408173563,-0.18998904129504923,BASELINE_ALL_DAYS,No gating: every day,0.0,0.0,True,True
525,525,1.0,525,0.5733333333333334,0.0006825638974783018,1.0599758862646802,1.529943408173563,-0.18998904129504923,REGIME_not_UNKNOWN,Any day with a regime_label,0.0,0.0,True,True
525,0,0.0,0,,,,,,CURRENT_trade_gate_eq_1,What your pipeline currently allows,,,False,False
525,0,0.0,0,,,,,,REGIME_COILED_and_PRESSURE_COILED,High selectivity combo,,,False,False
525,0,0.0,0,,,,,,REGIME_COILED_and_PRESSURE_NORMAL_or_COILED,Coiled regime; pressure not broken,,,False,False
