total_days,trade_days,trade_freq,n_trades,win_rate,expectancy,sharpe_ann,t_stat,max_dd,gate_name,notes,uplift_expectancy,uplift_sharpe,meets_min_trades,usable
548,286,0.5218978102189781,286,0.6293706293706294,0.0018701714693969854,3.9698903233021925,4.229229518748459,-0.0825157240258717,PRESSURE_is_NORMAL,Only NORMAL pressure_state,0.001191130581761225,2.923822219947672,True,True
548,393,0.7171532846715328,393,0.6310432569974554,0.0016633961253678597,4.0294339353821815,5.031993187628878,-0.0825157240258716,PRESSURE_not_UNRESOLVED,Exclude only unresolved pressure,0.0009843552377320993,2.983365832027661,True,True
548,393,0.7171532846715328,393,0.6310432569974554,0.0016633961253678597,4.0294339353821815,5.031993187628878,-0.0825157240258716,PRESSURE_NORMAL_or_COILED,NORMAL + COILED,0.0009843552377320993,2.983365832027661,True,True
548,107,0.19525547445255476,107,0.6355140186915887,0.0011107068880563654,6.224483628616749,4.055971992890481,-0.008737073950624952,PRESSURE_is_COILED,Only COILED pressure_state,0.0004316660004206051,5.178415525262229,True,True
548,548,1.0,548,0.5711678832116789,0.0006790408876357603,1.0460681033545205,1.542588071264293,-0.18998904129504923,BASELINE_ALL_DAYS,No gating: every day,0.0,0.0,True,True
548,548,1.0,548,0.5711678832116789,0.0006790408876357603,1.0460681033545205,1.542588071264293,-0.18998904129504923,REGIME_not_UNKNOWN,Any day with a regime_label,0.0,0.0,True,True
548,0,0.0,0,,,,,,CURRENT_trade_gate_eq_1,What your pipeline currently allows,,,False,False
548,0,0.0,0,,,,,,REGIME_COILED_and_PRESSURE_COILED,High selectivity combo,,,False,False
548,0,0.0,0,,,,,,REGIME_COILED_and_PRESSURE_NORMAL_or_COILED,Coiled regime; pressure not broken,,,False,False
