total_days,trade_days,trade_freq,n_trades,win_rate,expectancy,sharpe_ann,t_stat,max_dd,gate_name,notes,uplift_expectancy,uplift_sharpe,meets_min_trades,usable
558,290,0.5197132616487455,290,0.6344827586206897,0.0019749038165290302,4.188928925152128,4.493675629268726,-0.0825157240258717,PRESSURE_is_NORMAL,Only NORMAL pressure_state,0.0012355366395010094,3.0450513993197887,True,True
558,401,0.7186379928315412,401,0.6309226932668329,0.0017172778544925688,4.1619726535874895,5.250143068365521,-0.0825157240258716,PRESSURE_not_UNRESOLVED,Exclude only unresolved pressure,0.000977910677464548,3.01809512775515,True,True
558,401,0.7186379928315412,401,0.6309226932668329,0.0017172778544925688,4.1619726535874895,5.250143068365521,-0.0825157240258716,PRESSURE_NORMAL_or_COILED,NORMAL + COILED,0.000977910677464548,3.01809512775515,True,True
558,111,0.1989247311827957,111,0.6216216216216216,0.001044201016739652,5.782813037263196,3.837959349095223,-0.008737073950624952,PRESSURE_is_COILED,Only COILED pressure_state,0.0003048338397116312,4.638935511430857,True,True
558,558,1.0,558,0.5716845878136201,0.0007393671770280208,1.143877525832339,1.7021442279253396,-0.18998904129504923,BASELINE_ALL_DAYS,No gating: every day,0.0,0.0,True,True
558,558,1.0,558,0.5716845878136201,0.0007393671770280208,1.143877525832339,1.7021442279253396,-0.18998904129504923,REGIME_not_UNKNOWN,Any day with a regime_label,0.0,0.0,True,True
558,0,0.0,0,,,,,,CURRENT_trade_gate_eq_1,What your pipeline currently allows,,,False,False
558,0,0.0,0,,,,,,REGIME_COILED_and_PRESSURE_COILED,High selectivity combo,,,False,False
558,0,0.0,0,,,,,,REGIME_COILED_and_PRESSURE_NORMAL_or_COILED,Coiled regime; pressure not broken,,,False,False
