total_days,trade_days,trade_freq,n_trades,win_rate,expectancy,sharpe_ann,t_stat,max_dd,gate_name,notes,uplift_expectancy,uplift_sharpe,meets_min_trades,usable
554,289,0.5216606498194946,289,0.6332179930795848,0.00194669692026072,4.130465948963024,4.423313259433373,-0.0825157240258717,PRESSURE_is_NORMAL,Only NORMAL pressure_state,0.0011978385653848497,2.9743941259376077,True,True
554,398,0.7184115523465704,398,0.6331658291457286,0.0017195530510456792,4.165917559640811,5.235424933581488,-0.0825157240258716,PRESSURE_not_UNRESOLVED,Exclude only unresolved pressure,0.0009706946961698089,3.0098457366153952,True,True
554,398,0.7184115523465704,398,0.6331658291457286,0.0017195530510456792,4.165917559640811,5.235424933581488,-0.0825157240258716,PRESSURE_NORMAL_or_COILED,NORMAL + COILED,0.0009706946961698089,3.0098457366153952,True,True
554,109,0.1967509025270758,109,0.6330275229357798,0.0011173092143195622,6.250227529361775,4.110633961455658,-0.008737073950624952,PRESSURE_is_COILED,Only COILED pressure_state,0.000368450859443692,5.094155706336359,True,True
554,554,1.0,554,0.5740072202166066,0.0007488583548758703,1.1560718230254161,1.7141129193095828,-0.18998904129504923,BASELINE_ALL_DAYS,No gating: every day,0.0,0.0,True,True
554,554,1.0,554,0.5740072202166066,0.0007488583548758703,1.1560718230254161,1.7141129193095828,-0.18998904129504923,REGIME_not_UNKNOWN,Any day with a regime_label,0.0,0.0,True,True
554,0,0.0,0,,,,,,CURRENT_trade_gate_eq_1,What your pipeline currently allows,,,False,False
554,0,0.0,0,,,,,,REGIME_COILED_and_PRESSURE_COILED,High selectivity combo,,,False,False
554,0,0.0,0,,,,,,REGIME_COILED_and_PRESSURE_NORMAL_or_COILED,Coiled regime; pressure not broken,,,False,False
