total_days,trade_days,trade_freq,n_trades,win_rate,expectancy,sharpe_ann,t_stat,max_dd,gate_name,notes,uplift_expectancy,uplift_sharpe,meets_min_trades,usable
560,290,0.5178571428571429,290,0.6344827586206897,0.0019749038165290302,4.188928925152128,4.493675629268726,-0.0825157240258717,PRESSURE_is_NORMAL,Only NORMAL pressure_state,0.0012212627643319555,3.0213743799979094,True,True
560,402,0.7178571428571429,402,0.6343283582089553,0.0017462220100748049,4.236826700417117,5.35122801390933,-0.0825157240258716,PRESSURE_not_UNRESOLVED,Exclude only unresolved pressure,0.0009925809578777301,3.0692721552628983,True,True
560,402,0.7178571428571429,402,0.6343283582089553,0.0017462220100748049,4.236826700417117,5.35122801390933,-0.0825157240258716,PRESSURE_NORMAL_or_COILED,NORMAL + COILED,0.0009925809578777301,3.0692721552628983,True,True
560,112,0.2,112,0.6339285714285714,0.001154099475505829,6.3511900510141786,4.234126700676119,-0.008737073950624952,PRESSURE_is_COILED,Only COILED pressure_state,0.00040045842330875417,5.18363550585996,True,True
560,560,1.0,560,0.5732142857142857,0.0007536410521970748,1.1675545451542184,1.740487553602453,-0.18998904129504923,BASELINE_ALL_DAYS,No gating: every day,0.0,0.0,True,True
560,560,1.0,560,0.5732142857142857,0.0007536410521970748,1.1675545451542184,1.740487553602453,-0.18998904129504923,REGIME_not_UNKNOWN,Any day with a regime_label,0.0,0.0,True,True
560,0,0.0,0,,,,,,CURRENT_trade_gate_eq_1,What your pipeline currently allows,,,False,False
560,0,0.0,0,,,,,,REGIME_COILED_and_PRESSURE_COILED,High selectivity combo,,,False,False
560,0,0.0,0,,,,,,REGIME_COILED_and_PRESSURE_NORMAL_or_COILED,Coiled regime; pressure not broken,,,False,False
