total_days,trade_days,trade_freq,n_trades,win_rate,expectancy,sharpe_ann,t_stat,max_dd,gate_name,notes,uplift_expectancy,uplift_sharpe,meets_min_trades,usable
510,258,0.5058823529411764,258,0.6472868217054264,0.0022623134358060815,4.900749877737578,4.958748936543586,-0.060019540710255725,PRESSURE_is_NORMAL,Only NORMAL pressure_state,0.0015293371530424116,3.77054949397594,True,True
510,364,0.7137254901960784,364,0.6401098901098901,0.0018634323350385648,4.611710812109782,5.542586600224498,-0.05775996437080422,PRESSURE_not_UNRESOLVED,Exclude only unresolved pressure,0.0011304560522748947,3.4815104283481437,True,True
510,364,0.7137254901960784,364,0.6401098901098901,0.0018634323350385648,4.611710812109782,5.542586600224498,-0.05775996437080422,PRESSURE_NORMAL_or_COILED,NORMAL + COILED,0.0011304560522748947,3.4815104283481437,True,True
510,106,0.20784313725490197,106,0.6226415094339622,0.000892570787887439,4.607246982798212,2.9880933193214663,-0.014333892327099917,PRESSURE_is_COILED,Only COILED pressure_state,0.00015959450512376897,3.4770465990365738,True,True
510,510,1.0,510,0.5745098039215686,0.00073297628276367,1.1302003837616381,1.6078305194805578,-0.18998904129504923,BASELINE_ALL_DAYS,No gating: every day,0.0,0.0,True,True
510,510,1.0,510,0.5745098039215686,0.00073297628276367,1.1302003837616381,1.6078305194805578,-0.18998904129504923,REGIME_not_UNKNOWN,Any day with a regime_label,0.0,0.0,True,True
510,0,0.0,0,,,,,,CURRENT_trade_gate_eq_1,What your pipeline currently allows,,,False,False
510,0,0.0,0,,,,,,REGIME_COILED_and_PRESSURE_COILED,High selectivity combo,,,False,False
510,0,0.0,0,,,,,,REGIME_COILED_and_PRESSURE_NORMAL_or_COILED,Coiled regime; pressure not broken,,,False,False
