total_days,trade_days,trade_freq,n_trades,win_rate,expectancy,sharpe_ann,t_stat,max_dd,gate_name,notes,uplift_expectancy,uplift_sharpe,meets_min_trades,usable
553,289,0.5226039783001808,289,0.6332179930795848,0.00194669692026072,4.130465948963024,4.423313259433373,-0.0825157240258717,PRESSURE_is_NORMAL,Only NORMAL pressure_state,0.00121833915629868,3.0058207236407304,True,True
553,398,0.7197106690777577,398,0.6331658291457286,0.0017195530510456792,4.165917559640811,5.235424933581488,-0.0825157240258716,PRESSURE_not_UNRESOLVED,Exclude only unresolved pressure,0.0009911952870836392,3.041272334318518,True,True
553,398,0.7197106690777577,398,0.6331658291457286,0.0017195530510456792,4.165917559640811,5.235424933581488,-0.0825157240258716,PRESSURE_NORMAL_or_COILED,NORMAL + COILED,0.0009911952870836392,3.041272334318518,True,True
553,109,0.19710669077757687,109,0.6330275229357798,0.0011173092143195622,6.250227529361775,4.110633961455658,-0.008737073950624952,PRESSURE_is_COILED,Only COILED pressure_state,0.00038895145035752234,5.125582304039481,True,True
553,553,1.0,553,0.5732368896925859,0.0007283577639620399,1.1246452253222934,1.66601090219504,-0.18998904129504923,BASELINE_ALL_DAYS,No gating: every day,0.0,0.0,True,True
553,553,1.0,553,0.5732368896925859,0.0007283577639620399,1.1246452253222934,1.66601090219504,-0.18998904129504923,REGIME_not_UNKNOWN,Any day with a regime_label,0.0,0.0,True,True
553,0,0.0,0,,,,,,CURRENT_trade_gate_eq_1,What your pipeline currently allows,,,False,False
553,0,0.0,0,,,,,,REGIME_COILED_and_PRESSURE_COILED,High selectivity combo,,,False,False
553,0,0.0,0,,,,,,REGIME_COILED_and_PRESSURE_NORMAL_or_COILED,Coiled regime; pressure not broken,,,False,False
