total_days,trade_days,trade_freq,n_trades,win_rate,expectancy,sharpe_ann,t_stat,max_dd,gate_name,notes,uplift_expectancy,uplift_sharpe,meets_min_trades,usable
567,291,0.5132275132275133,291,0.6357388316151202,0.0019956848545649862,4.235559223879063,4.551525526680117,-0.0825157240258717,PRESSURE_is_NORMAL,Only NORMAL pressure_state,0.0012055693584026158,3.0076741453402063,True,True
567,406,0.7160493827160493,406,0.6330049261083743,0.0017432316698061424,4.239789393867791,5.381545673390894,-0.0825157240258716,PRESSURE_not_UNRESOLVED,Exclude only unresolved pressure,0.0009531161736437722,3.011904315328934,True,True
567,406,0.7160493827160493,406,0.6330049261083743,0.0017432316698061424,4.239789393867791,5.381545673390894,-0.0825157240258716,PRESSURE_NORMAL_or_COILED,NORMAL + COILED,0.0009531161736437722,3.011904315328934,True,True
567,115,0.20282186948853614,115,0.6260869565217392,0.0011044153501120245,6.029294740267947,4.073007075468434,-0.008737073950624952,PRESSURE_is_COILED,Only COILED pressure_state,0.00031429985394965424,4.80140966172909,True,True
567,567,1.0,567,0.5731922398589065,0.0007901154961623703,1.2278850785388569,1.841827617808285,-0.18998904129504923,BASELINE_ALL_DAYS,No gating: every day,0.0,0.0,True,True
567,567,1.0,567,0.5731922398589065,0.0007901154961623703,1.2278850785388569,1.841827617808285,-0.18998904129504923,REGIME_not_UNKNOWN,Any day with a regime_label,0.0,0.0,True,True
567,0,0.0,0,,,,,,CURRENT_trade_gate_eq_1,What your pipeline currently allows,,,False,False
567,0,0.0,0,,,,,,REGIME_COILED_and_PRESSURE_COILED,High selectivity combo,,,False,False
567,0,0.0,0,,,,,,REGIME_COILED_and_PRESSURE_NORMAL_or_COILED,Coiled regime; pressure not broken,,,False,False
