total_days,trade_days,trade_freq,n_trades,win_rate,expectancy,sharpe_ann,t_stat,max_dd,gate_name,notes,uplift_expectancy,uplift_sharpe,meets_min_trades,usable
576,297,0.515625,297,0.6296296296296297,0.001969526201333886,4.198043594877793,4.557481332961996,-0.0825157240258717,PRESSURE_is_NORMAL,Only NORMAL pressure_state,0.001191672803449677,2.9834780998946284,True,True
576,413,0.7170138888888888,413,0.6295399515738499,0.001729381677129488,4.219031059718648,5.40116541408058,-0.0825157240258716,PRESSURE_not_UNRESOLVED,Exclude only unresolved pressure,0.0009515282792452791,3.004465564735483,True,True
576,413,0.7170138888888888,413,0.6295399515738499,0.001729381677129488,4.219031059718648,5.40116541408058,-0.0825157240258716,PRESSURE_NORMAL_or_COILED,NORMAL + COILED,0.0009515282792452791,3.004465564735483,True,True
576,116,0.2013888888888889,116,0.6293103448275862,0.0011145288867096068,6.106814654888872,4.143272174482155,-0.008737073950624952,PRESSURE_is_COILED,Only COILED pressure_state,0.00033667548882539795,4.892249159905707,True,True
576,576,1.0,576,0.5711805555555556,0.0007778533978842089,1.2145654949831652,1.8362504289860129,-0.18998904129504923,BASELINE_ALL_DAYS,No gating: every day,0.0,0.0,True,True
576,576,1.0,576,0.5711805555555556,0.0007778533978842089,1.2145654949831652,1.8362504289860129,-0.18998904129504923,REGIME_not_UNKNOWN,Any day with a regime_label,0.0,0.0,True,True
576,0,0.0,0,,,,,,CURRENT_trade_gate_eq_1,What your pipeline currently allows,,,False,False
576,0,0.0,0,,,,,,REGIME_COILED_and_PRESSURE_COILED,High selectivity combo,,,False,False
576,0,0.0,0,,,,,,REGIME_COILED_and_PRESSURE_NORMAL_or_COILED,Coiled regime; pressure not broken,,,False,False
