total_days,trade_days,trade_freq,n_trades,win_rate,expectancy,sharpe_ann,t_stat,max_dd,gate_name,notes,uplift_expectancy,uplift_sharpe,meets_min_trades,usable
548,287,0.5237226277372263,287,0.6306620209059234,0.0018798792326092907,3.9965224422178083,4.265038285868195,-0.0825157240258717,PRESSURE_is_NORMAL,Only NORMAL pressure_state,0.0012046506791431725,2.956139265135237,True,True
548,393,0.7171532846715328,393,0.6310432569974554,0.0016580801988412342,4.018571949550019,5.018428642437649,-0.0825157240258716,PRESSURE_not_UNRESOLVED,Exclude only unresolved pressure,0.000982851645375116,2.9781887724674476,True,True
548,393,0.7171532846715328,393,0.6310432569974554,0.0016580801988412342,4.018571949550019,5.018428642437649,-0.0825157240258716,PRESSURE_NORMAL_or_COILED,NORMAL + COILED,0.000982851645375116,2.9781887724674476,True,True
548,106,0.19343065693430658,106,0.6320754716981132,0.0010575488526956471,6.012936451453591,3.899772533831171,-0.008737073950624952,PRESSURE_is_COILED,Only COILED pressure_state,0.00038232029922952897,4.97255327437102,True,True
548,548,1.0,548,0.5711678832116789,0.0006752285534661181,1.040383177082571,1.5342047743976701,-0.18998904129504923,BASELINE_ALL_DAYS,No gating: every day,0.0,0.0,True,True
548,548,1.0,548,0.5711678832116789,0.0006752285534661181,1.040383177082571,1.5342047743976701,-0.18998904129504923,REGIME_not_UNKNOWN,Any day with a regime_label,0.0,0.0,True,True
548,0,0.0,0,,,,,,CURRENT_trade_gate_eq_1,What your pipeline currently allows,,,False,False
548,0,0.0,0,,,,,,REGIME_COILED_and_PRESSURE_COILED,High selectivity combo,,,False,False
548,0,0.0,0,,,,,,REGIME_COILED_and_PRESSURE_NORMAL_or_COILED,Coiled regime; pressure not broken,,,False,False
