total_days,trade_days,trade_freq,n_trades,win_rate,expectancy,sharpe_ann,t_stat,max_dd,gate_name,notes,uplift_expectancy,uplift_sharpe,meets_min_trades,usable
545,285,0.5229357798165137,285,0.6280701754385964,0.0018751893548831194,3.9738083066749907,4.225995914643361,-0.0825157240258717,PRESSURE_is_NORMAL,Only NORMAL pressure_state,0.0012523282190227015,3.0114946143025465,True,True
545,391,0.7174311926605504,391,0.629156010230179,0.0016535272238553135,3.998547040481543,4.980699243342335,-0.0825157240258716,PRESSURE_not_UNRESOLVED,Exclude only unresolved pressure,0.0010306660879948956,3.0362333481090986,True,True
545,391,0.7174311926605504,391,0.629156010230179,0.0016535272238553135,3.998547040481543,4.980699243342335,-0.0825157240258716,PRESSURE_NORMAL_or_COILED,NORMAL + COILED,0.0010306660879948956,3.0362333481090986,True,True
545,106,0.1944954128440367,106,0.6320754716981132,0.0010575488526956471,6.012936451453591,3.899772533831171,-0.008737073950624952,PRESSURE_is_COILED,Only COILED pressure_state,0.0004346877168352293,5.050622759081147,True,True
545,545,1.0,545,0.5688073394495413,0.0006228611358604178,0.9623136923724442,1.4151896574584284,-0.18998904129504923,BASELINE_ALL_DAYS,No gating: every day,0.0,0.0,True,True
545,545,1.0,545,0.5688073394495413,0.0006228611358604178,0.9623136923724442,1.4151896574584284,-0.18998904129504923,REGIME_not_UNKNOWN,Any day with a regime_label,0.0,0.0,True,True
545,0,0.0,0,,,,,,CURRENT_trade_gate_eq_1,What your pipeline currently allows,,,False,False
545,0,0.0,0,,,,,,REGIME_COILED_and_PRESSURE_COILED,High selectivity combo,,,False,False
545,0,0.0,0,,,,,,REGIME_COILED_and_PRESSURE_NORMAL_or_COILED,Coiled regime; pressure not broken,,,False,False
