total_days,trade_days,trade_freq,n_trades,win_rate,expectancy,sharpe_ann,t_stat,max_dd,gate_name,notes,uplift_expectancy,uplift_sharpe,meets_min_trades,usable
547,286,0.5228519195612431,286,0.6293706293706294,0.0018701714693969854,3.9698903233021925,4.229229518748459,-0.0825157240258717,PRESSURE_is_NORMAL,Only NORMAL pressure_state,0.0012022209249946013,2.941521558618467,True,True
547,392,0.716636197440585,392,0.6301020408163265,0.0016504316801869295,3.996000291801077,4.983888003122774,-0.0825157240258716,PRESSURE_not_UNRESOLVED,Exclude only unresolved pressure,0.0009824811357845454,2.9676315271173515,True,True
547,392,0.716636197440585,392,0.6301020408163265,0.0016504316801869295,3.996000291801077,4.983888003122774,-0.0825157240258716,PRESSURE_NORMAL_or_COILED,NORMAL + COILED,0.0009824811357845454,2.9676315271173515,True,True
547,106,0.19378427787934185,106,0.6320754716981132,0.0010575488526956471,6.012936451453591,3.899772533831171,-0.008737073950624952,PRESSURE_is_COILED,Only COILED pressure_state,0.000389598308293263,4.984567686769865,True,True
547,547,1.0,547,0.5703839122486288,0.0006679505444023841,1.0283687646837254,1.5151033897207207,-0.18998904129504923,BASELINE_ALL_DAYS,No gating: every day,0.0,0.0,True,True
547,547,1.0,547,0.5703839122486288,0.0006679505444023841,1.0283687646837254,1.5151033897207207,-0.18998904129504923,REGIME_not_UNKNOWN,Any day with a regime_label,0.0,0.0,True,True
547,0,0.0,0,,,,,,CURRENT_trade_gate_eq_1,What your pipeline currently allows,,,False,False
547,0,0.0,0,,,,,,REGIME_COILED_and_PRESSURE_COILED,High selectivity combo,,,False,False
547,0,0.0,0,,,,,,REGIME_COILED_and_PRESSURE_NORMAL_or_COILED,Coiled regime; pressure not broken,,,False,False
