total_days,trade_days,trade_freq,n_trades,win_rate,expectancy,sharpe_ann,t_stat,max_dd,gate_name,notes,uplift_expectancy,uplift_sharpe,meets_min_trades,usable
514,262,0.5097276264591439,262,0.648854961832061,0.002245783247625501,4.896540703615391,4.992749125770595,-0.060019540710255725,PRESSURE_is_NORMAL,Only NORMAL pressure_state,0.0015145609650265442,3.765780022546056,True,True
514,367,0.7140077821011673,367,0.6430517711171662,0.001895827225926381,4.740284883063418,5.720542342873037,-0.05775996437080422,PRESSURE_not_UNRESOLVED,Exclude only unresolved pressure,0.001164604943327424,3.609524201994083,True,True
514,367,0.7140077821011673,367,0.6430517711171662,0.001895827225926381,4.740284883063418,5.720542342873037,-0.05775996437080422,PRESSURE_NORMAL_or_COILED,NORMAL + COILED,0.001164604943327424,3.609524201994083,True,True
514,105,0.20428015564202334,105,0.6285714285714286,0.0010226036289247675,5.8351449572347285,3.7665698736793822,-0.008737073950624952,PRESSURE_is_COILED,Only COILED pressure_state,0.00029138134632581043,4.704384276165394,True,True
514,514,1.0,514,0.5758754863813229,0.000731222282598957,1.1307606810693347,1.6149236246328578,-0.18998904129504923,BASELINE_ALL_DAYS,No gating: every day,0.0,0.0,True,True
514,514,1.0,514,0.5758754863813229,0.000731222282598957,1.1307606810693347,1.6149236246328578,-0.18998904129504923,REGIME_not_UNKNOWN,Any day with a regime_label,0.0,0.0,True,True
514,0,0.0,0,,,,,,CURRENT_trade_gate_eq_1,What your pipeline currently allows,,,False,False
514,0,0.0,0,,,,,,REGIME_COILED_and_PRESSURE_COILED,High selectivity combo,,,False,False
514,0,0.0,0,,,,,,REGIME_COILED_and_PRESSURE_NORMAL_or_COILED,Coiled regime; pressure not broken,,,False,False
