total_days,trade_days,trade_freq,n_trades,win_rate,expectancy,sharpe_ann,t_stat,max_dd,gate_name,notes,uplift_expectancy,uplift_sharpe,meets_min_trades,usable
512,260,0.5078125,260,0.65,0.0022538263965086896,4.900823230735441,4.978006297593622,-0.060019540710255725,PRESSURE_is_NORMAL,Only NORMAL pressure_state,0.0015244359561371232,3.77478475292451,True,True
512,365,0.712890625,365,0.6438356164383562,0.001899639025011945,4.741712697364946,5.706652114637258,-0.05775996437080422,PRESSURE_not_UNRESOLVED,Exclude only unresolved pressure,0.0011702485846403787,3.615674219554015,True,True
512,365,0.712890625,365,0.6438356164383562,0.001899639025011945,4.741712697364946,5.706652114637258,-0.05775996437080422,PRESSURE_NORMAL_or_COILED,NORMAL + COILED,0.0011702485846403787,3.615674219554015,True,True
512,105,0.205078125,105,0.6285714285714286,0.0010226036289247675,5.8351449572347285,3.7665698736793822,-0.008737073950624952,PRESSURE_is_COILED,Only COILED pressure_state,0.0002932131885532011,4.709106479423797,True,True
512,512,1.0,512,0.576171875,0.0007293904403715664,1.1260384778109311,1.605047690778269,-0.18998904129504923,BASELINE_ALL_DAYS,No gating: every day,0.0,0.0,True,True
512,512,1.0,512,0.576171875,0.0007293904403715664,1.1260384778109311,1.605047690778269,-0.18998904129504923,REGIME_not_UNKNOWN,Any day with a regime_label,0.0,0.0,True,True
512,0,0.0,0,,,,,,CURRENT_trade_gate_eq_1,What your pipeline currently allows,,,False,False
512,0,0.0,0,,,,,,REGIME_COILED_and_PRESSURE_COILED,High selectivity combo,,,False,False
512,0,0.0,0,,,,,,REGIME_COILED_and_PRESSURE_NORMAL_or_COILED,Coiled regime; pressure not broken,,,False,False
