total_days,trade_days,trade_freq,n_trades,win_rate,expectancy,sharpe_ann,t_stat,max_dd,gate_name,notes,uplift_expectancy,uplift_sharpe,meets_min_trades,usable
537,279,0.5195530726256983,279,0.6308243727598566,0.0020024206417490076,4.311597526075697,4.536699831189141,-0.060019540710255725,PRESSURE_is_NORMAL,Only NORMAL pressure_state,0.0013880612583176129,3.3562924252078568,True,True
537,384,0.7150837988826816,384,0.6302083333333334,0.0017345019273048796,4.261556579425845,5.260579650067211,-0.05775996437080422,PRESSURE_not_UNRESOLVED,Exclude only unresolved pressure,0.0011201425438734848,3.306251478558005,True,True
537,384,0.7150837988826816,384,0.6302083333333334,0.0017345019273048796,4.261556579425845,5.260579650067211,-0.05775996437080422,PRESSURE_NORMAL_or_COILED,NORMAL + COILED,0.0011201425438734848,3.306251478558005,True,True
537,105,0.19553072625698323,105,0.6285714285714286,0.0010226036289247675,5.8351449572347285,3.7665698736793822,-0.008737073950624952,PRESSURE_is_COILED,Only COILED pressure_state,0.0004082442454933727,4.879839856366889,True,True
537,537,1.0,537,0.5679702048417132,0.0006143593834313948,0.9553051008678399,1.3945335565897001,-0.18998904129504923,BASELINE_ALL_DAYS,No gating: every day,0.0,0.0,True,True
537,537,1.0,537,0.5679702048417132,0.0006143593834313948,0.9553051008678399,1.3945335565897001,-0.18998904129504923,REGIME_not_UNKNOWN,Any day with a regime_label,0.0,0.0,True,True
537,0,0.0,0,,,,,,CURRENT_trade_gate_eq_1,What your pipeline currently allows,,,False,False
537,0,0.0,0,,,,,,REGIME_COILED_and_PRESSURE_COILED,High selectivity combo,,,False,False
537,0,0.0,0,,,,,,REGIME_COILED_and_PRESSURE_NORMAL_or_COILED,Coiled regime; pressure not broken,,,False,False
