total_days,trade_days,trade_freq,n_trades,win_rate,expectancy,sharpe_ann,t_stat,max_dd,gate_name,notes,uplift_expectancy,uplift_sharpe,meets_min_trades,usable
574,295,0.5139372822299652,295,0.6338983050847458,0.0020078426332189752,4.275931485829973,4.626381848949134,-0.0825157240258717,PRESSURE_is_NORMAL,Only NORMAL pressure_state,0.0012144491625138568,3.038657170553829,True,True
574,411,0.7160278745644599,411,0.6326034063260341,0.0017557151524523408,4.2822780408252195,5.468843586947729,-0.0825157240258716,PRESSURE_not_UNRESOLVED,Exclude only unresolved pressure,0.0009623216817472225,3.045003725549076,True,True
574,411,0.7160278745644599,411,0.6326034063260341,0.0017557151524523408,4.2822780408252195,5.468843586947729,-0.0825157240258716,PRESSURE_NORMAL_or_COILED,NORMAL + COILED,0.0009623216817472225,3.045003725549076,True,True
574,116,0.20209059233449478,116,0.6293103448275862,0.0011145288867096068,6.106814654888872,4.143272174482155,-0.008737073950624952,PRESSURE_is_COILED,Only COILED pressure_state,0.0003211354160044885,4.869540339612728,True,True
574,574,1.0,574,0.573170731707317,0.0007933934707051183,1.2372743152761436,1.86733257439179,-0.18998904129504923,BASELINE_ALL_DAYS,No gating: every day,0.0,0.0,True,True
574,574,1.0,574,0.573170731707317,0.0007933934707051183,1.2372743152761436,1.86733257439179,-0.18998904129504923,REGIME_not_UNKNOWN,Any day with a regime_label,0.0,0.0,True,True
574,0,0.0,0,,,,,,CURRENT_trade_gate_eq_1,What your pipeline currently allows,,,False,False
574,0,0.0,0,,,,,,REGIME_COILED_and_PRESSURE_COILED,High selectivity combo,,,False,False
574,0,0.0,0,,,,,,REGIME_COILED_and_PRESSURE_NORMAL_or_COILED,Coiled regime; pressure not broken,,,False,False
