total_days,trade_days,trade_freq,n_trades,win_rate,expectancy,sharpe_ann,t_stat,max_dd,gate_name,notes,uplift_expectancy,uplift_sharpe,meets_min_trades,usable
569,293,0.5149384885764499,293,0.6348122866894198,0.001999775633182003,4.2503706306459,4.583110642153741,-0.0825157240258717,PRESSURE_is_NORMAL,Only NORMAL pressure_state,0.0012033161355229874,3.0111820407335235,True,True
569,408,0.7170474516695958,408,0.6323529411764706,0.0017474069259441414,4.252356067599955,5.410774490254831,-0.0825157240258716,PRESSURE_not_UNRESOLVED,Exclude only unresolved pressure,0.0009509474282851258,3.013167477687578,True,True
569,408,0.7170474516695958,408,0.6323529411764706,0.0017474069259441414,4.252356067599955,5.410774490254831,-0.0825157240258716,PRESSURE_NORMAL_or_COILED,NORMAL + COILED,0.0009509474282851258,3.013167477687578,True,True
569,115,0.20210896309314588,115,0.6260869565217392,0.0011044153501120245,6.029294740267947,4.073007075468434,-0.008737073950624952,PRESSURE_is_COILED,Only COILED pressure_state,0.00030795585245300895,4.7901061503555695,True,True
569,569,1.0,569,0.5729349736379613,0.0007964594976590156,1.2391885899123767,1.8620582757522706,-0.18998904129504923,BASELINE_ALL_DAYS,No gating: every day,0.0,0.0,True,True
569,569,1.0,569,0.5729349736379613,0.0007964594976590156,1.2391885899123767,1.8620582757522706,-0.18998904129504923,REGIME_not_UNKNOWN,Any day with a regime_label,0.0,0.0,True,True
569,0,0.0,0,,,,,,CURRENT_trade_gate_eq_1,What your pipeline currently allows,,,False,False
569,0,0.0,0,,,,,,REGIME_COILED_and_PRESSURE_COILED,High selectivity combo,,,False,False
569,0,0.0,0,,,,,,REGIME_COILED_and_PRESSURE_NORMAL_or_COILED,Coiled regime; pressure not broken,,,False,False
