total_days,trade_days,trade_freq,n_trades,win_rate,expectancy,sharpe_ann,t_stat,max_dd,gate_name,notes,uplift_expectancy,uplift_sharpe,meets_min_trades,usable
577,298,0.5164644714038128,298,0.6308724832214765,0.0019973097663237398,4.2556043188993185,4.627741615326354,-0.0825157240258717,PRESSURE_is_NORMAL,Only NORMAL pressure_state,0.001203041853412796,3.0152647760036624,True,True
577,414,0.7175043327556326,414,0.6304347826086957,0.0017499605343545624,4.2655698459200995,5.467351020504254,-0.0825157240258716,PRESSURE_not_UNRESOLVED,Exclude only unresolved pressure,0.0009556926214436185,3.0252303030244434,True,True
577,414,0.7175043327556326,414,0.6304347826086957,0.0017499605343545624,4.2655698459200995,5.467351020504254,-0.0825157240258716,PRESSURE_NORMAL_or_COILED,NORMAL + COILED,0.0009556926214436185,3.0252303030244434,True,True
577,116,0.20103986135181975,116,0.6293103448275862,0.0011145288867096068,6.106814654888872,4.143272174482155,-0.008737073950624952,PRESSURE_is_COILED,Only COILED pressure_state,0.00032026097379866296,4.866475111993216,True,True
577,577,1.0,577,0.5719237435008665,0.0007942679129109439,1.2403395428956563,1.876844213482381,-0.18998904129504923,BASELINE_ALL_DAYS,No gating: every day,0.0,0.0,True,True
577,577,1.0,577,0.5719237435008665,0.0007942679129109439,1.2403395428956563,1.876844213482381,-0.18998904129504923,REGIME_not_UNKNOWN,Any day with a regime_label,0.0,0.0,True,True
577,0,0.0,0,,,,,,CURRENT_trade_gate_eq_1,What your pipeline currently allows,,,False,False
577,0,0.0,0,,,,,,REGIME_COILED_and_PRESSURE_COILED,High selectivity combo,,,False,False
577,0,0.0,0,,,,,,REGIME_COILED_and_PRESSURE_NORMAL_or_COILED,Coiled regime; pressure not broken,,,False,False
