total_days,trade_days,trade_freq,n_trades,win_rate,expectancy,sharpe_ann,t_stat,max_dd,gate_name,notes,uplift_expectancy,uplift_sharpe,meets_min_trades,usable
533,277,0.5196998123827392,277,0.6353790613718412,0.0020378937680076525,4.379274948714594,4.591365081347043,-0.060019540710255725,PRESSURE_is_NORMAL,Only NORMAL pressure_state,0.0013957690696106732,3.3806384569778127,True,True
533,382,0.7166979362101313,382,0.6335078534031413,0.0017588218711393204,4.315924240420684,5.313800235930096,-0.05775996437080422,PRESSURE_not_UNRESOLVED,Exclude only unresolved pressure,0.001116697172742341,3.317287748683903,True,True
533,382,0.7166979362101313,382,0.6335078534031413,0.0017588218711393204,4.315924240420684,5.313800235930096,-0.05775996437080422,PRESSURE_NORMAL_or_COILED,NORMAL + COILED,0.001116697172742341,3.317287748683903,True,True
533,105,0.19699812382739212,105,0.6285714285714286,0.0010226036289247675,5.8351449572347285,3.7665698736793822,-0.008737073950624952,PRESSURE_is_COILED,Only COILED pressure_state,0.00038047893052778814,4.836508465497948,True,True
533,533,1.0,533,0.5703564727954972,0.0006421246983969793,0.9986364917367808,1.4523482505776584,-0.18998904129504923,BASELINE_ALL_DAYS,No gating: every day,0.0,0.0,True,True
533,533,1.0,533,0.5703564727954972,0.0006421246983969793,0.9986364917367808,1.4523482505776584,-0.18998904129504923,REGIME_not_UNKNOWN,Any day with a regime_label,0.0,0.0,True,True
533,0,0.0,0,,,,,,CURRENT_trade_gate_eq_1,What your pipeline currently allows,,,False,False
533,0,0.0,0,,,,,,REGIME_COILED_and_PRESSURE_COILED,High selectivity combo,,,False,False
533,0,0.0,0,,,,,,REGIME_COILED_and_PRESSURE_NORMAL_or_COILED,Coiled regime; pressure not broken,,,False,False
