total_days,trade_days,trade_freq,n_trades,win_rate,expectancy,sharpe_ann,t_stat,max_dd,gate_name,notes,uplift_expectancy,uplift_sharpe,meets_min_trades,usable
521,267,0.5124760076775432,267,0.6479400749063671,0.0022508517227873806,4.919136342410958,5.06342311938244,-0.060019540710255725,PRESSURE_is_NORMAL,Only NORMAL pressure_state,0.0015238120051429107,3.790682408382112,True,True
521,372,0.7140115163147792,372,0.6424731182795699,0.0019041687930680948,4.7613101682028125,5.784924208470778,-0.05775996437080422,PRESSURE_not_UNRESOLVED,Exclude only unresolved pressure,0.001177129075423625,3.6328562341739663,True,True
521,372,0.7140115163147792,372,0.6424731182795699,0.0019041687930680948,4.7613101682028125,5.784924208470778,-0.05775996437080422,PRESSURE_NORMAL_or_COILED,NORMAL + COILED,0.001177129075423625,3.6328562341739663,True,True
521,105,0.20153550863723607,105,0.6285714285714286,0.0010226036289247675,5.8351449572347285,3.7665698736793822,-0.008737073950624952,PRESSURE_is_COILED,Only COILED pressure_state,0.00029556391128029763,4.706691023205883,True,True
521,521,1.0,521,0.5758157389635317,0.0007270397176444699,1.1284539340288462,1.6225662049230554,-0.18998904129504923,BASELINE_ALL_DAYS,No gating: every day,0.0,0.0,True,True
521,521,1.0,521,0.5758157389635317,0.0007270397176444699,1.1284539340288462,1.6225662049230554,-0.18998904129504923,REGIME_not_UNKNOWN,Any day with a regime_label,0.0,0.0,True,True
521,0,0.0,0,,,,,,CURRENT_trade_gate_eq_1,What your pipeline currently allows,,,False,False
521,0,0.0,0,,,,,,REGIME_COILED_and_PRESSURE_COILED,High selectivity combo,,,False,False
521,0,0.0,0,,,,,,REGIME_COILED_and_PRESSURE_NORMAL_or_COILED,Coiled regime; pressure not broken,,,False,False
