total_days,trade_days,trade_freq,n_trades,win_rate,expectancy,sharpe_ann,t_stat,max_dd,gate_name,notes,uplift_expectancy,uplift_sharpe,meets_min_trades,usable
563,290,0.5150976909413855,290,0.6344827586206897,0.0019749038165290302,4.188928925152128,4.493675629268726,-0.0825157240258717,PRESSURE_is_NORMAL,Only NORMAL pressure_state,0.0012165234846721472,3.012055742567963,True,True
563,404,0.7175843694493783,404,0.6311881188118812,0.0017251503916532935,4.190374652446209,5.305707038912495,-0.0825157240258716,PRESSURE_not_UNRESOLVED,Exclude only unresolved pressure,0.0009667700597964106,3.013501469862044,True,True
563,404,0.7175843694493783,404,0.6311881188118812,0.0017251503916532935,4.190374652446209,5.305707038912495,-0.0825157240258716,PRESSURE_NORMAL_or_COILED,NORMAL + COILED,0.0009667700597964106,3.013501469862044,True,True
563,114,0.2024866785079929,114,0.6228070175438597,0.001089812731881683,5.932031354005808,3.989841039061855,-0.008737073950624952,PRESSURE_is_COILED,Only COILED pressure_state,0.00033143240002480006,4.755158171421643,True,True
563,563,1.0,563,0.5719360568383659,0.0007583803318568829,1.1768731825841654,1.7590719106461195,-0.18998904129504923,BASELINE_ALL_DAYS,No gating: every day,0.0,0.0,True,True
563,563,1.0,563,0.5719360568383659,0.0007583803318568829,1.1768731825841654,1.7590719106461195,-0.18998904129504923,REGIME_not_UNKNOWN,Any day with a regime_label,0.0,0.0,True,True
563,0,0.0,0,,,,,,CURRENT_trade_gate_eq_1,What your pipeline currently allows,,,False,False
563,0,0.0,0,,,,,,REGIME_COILED_and_PRESSURE_COILED,High selectivity combo,,,False,False
563,0,0.0,0,,,,,,REGIME_COILED_and_PRESSURE_NORMAL_or_COILED,Coiled regime; pressure not broken,,,False,False
