total_days,trade_days,trade_freq,n_trades,win_rate,expectancy,sharpe_ann,t_stat,max_dd,gate_name,notes,uplift_expectancy,uplift_sharpe,meets_min_trades,usable
550,287,0.5218181818181818,287,0.6306620209059234,0.0018837565554655964,4.003834880119367,4.272842027261893,-0.0825157240258717,PRESSURE_is_NORMAL,Only NORMAL pressure_state,0.0011923953623219695,2.93751649367639,True,True
550,395,0.7181818181818181,395,0.6303797468354431,0.0016755669039852329,4.061768888401325,5.085263789805299,-0.0825157240258716,PRESSURE_not_UNRESOLVED,Exclude only unresolved pressure,0.0009842057108416062,2.9954505019583477,True,True
550,395,0.7181818181818181,395,0.6303797468354431,0.0016755669039852329,4.061768888401325,5.085263789805299,-0.0825157240258716,PRESSURE_NORMAL_or_COILED,NORMAL + COILED,0.0009842057108416062,2.9954505019583477,True,True
550,108,0.19636363636363635,108,0.6296296296296297,0.0011223221819957484,6.1535503109124745,4.0284442989250655,-0.008737073950624952,PRESSURE_is_COILED,Only COILED pressure_state,0.0004309609888521216,5.0872319244694975,True,True
550,550,1.0,550,0.5709090909090909,0.0006913611931436268,1.0663183864429768,1.5753170450567742,-0.18998904129504923,BASELINE_ALL_DAYS,No gating: every day,0.0,0.0,True,True
550,550,1.0,550,0.5709090909090909,0.0006913611931436268,1.0663183864429768,1.5753170450567742,-0.18998904129504923,REGIME_not_UNKNOWN,Any day with a regime_label,0.0,0.0,True,True
550,0,0.0,0,,,,,,CURRENT_trade_gate_eq_1,What your pipeline currently allows,,,False,False
550,0,0.0,0,,,,,,REGIME_COILED_and_PRESSURE_COILED,High selectivity combo,,,False,False
550,0,0.0,0,,,,,,REGIME_COILED_and_PRESSURE_NORMAL_or_COILED,Coiled regime; pressure not broken,,,False,False
