total_days,trade_days,trade_freq,n_trades,win_rate,expectancy,sharpe_ann,t_stat,max_dd,gate_name,notes,uplift_expectancy,uplift_sharpe,meets_min_trades,usable
564,290,0.5141843971631206,290,0.6344827586206897,0.0019749038165290302,4.188928925152128,4.493675629268726,-0.0825157240258717,PRESSURE_is_NORMAL,Only NORMAL pressure_state,0.0012129583543591792,3.005512396899908,True,True
564,405,0.7180851063829787,405,0.6320987654320988,0.0017277280791513619,4.201706662110526,5.326635393905797,-0.0825157240258716,PRESSURE_not_UNRESOLVED,Exclude only unresolved pressure,0.0009657826169815108,3.018290133858306,True,True
564,405,0.7180851063829787,405,0.6320987654320988,0.0017277280791513619,4.201706662110526,5.326635393905797,-0.0825157240258716,PRESSURE_NORMAL_or_COILED,NORMAL + COILED,0.0009657826169815108,3.018290133858306,True,True
564,115,0.20390070921985815,115,0.6260869565217392,0.0011044153501120245,6.029294740267947,4.073007075468434,-0.008737073950624952,PRESSURE_is_COILED,Only COILED pressure_state,0.00034246988794217343,4.845878212015727,True,True
564,564,1.0,564,0.5726950354609929,0.0007619454621698511,1.18341652825222,1.770422466787239,-0.18998904129504923,BASELINE_ALL_DAYS,No gating: every day,0.0,0.0,True,True
564,564,1.0,564,0.5726950354609929,0.0007619454621698511,1.18341652825222,1.770422466787239,-0.18998904129504923,REGIME_not_UNKNOWN,Any day with a regime_label,0.0,0.0,True,True
564,0,0.0,0,,,,,,CURRENT_trade_gate_eq_1,What your pipeline currently allows,,,False,False
564,0,0.0,0,,,,,,REGIME_COILED_and_PRESSURE_COILED,High selectivity combo,,,False,False
564,0,0.0,0,,,,,,REGIME_COILED_and_PRESSURE_NORMAL_or_COILED,Coiled regime; pressure not broken,,,False,False
