total_days,trade_days,trade_freq,n_trades,win_rate,expectancy,sharpe_ann,t_stat,max_dd,gate_name,notes,uplift_expectancy,uplift_sharpe,meets_min_trades,usable
511,259,0.5068493150684932,259,0.6486486486486487,0.0022562988579935546,4.896791891879537,4.964337039765496,-0.060019540710255725,PRESSURE_is_NORMAL,Only NORMAL pressure_state,0.001528638492830515,3.7745159079257737,True,True
511,364,0.7123287671232876,364,0.6428571428571429,0.0019004252342237121,4.737167857765552,5.693367203884533,-0.05775996437080422,PRESSURE_not_UNRESOLVED,Exclude only unresolved pressure,0.0011727648690606726,3.6148918738117892,True,True
511,364,0.7123287671232876,364,0.6428571428571429,0.0019004252342237121,4.737167857765552,5.693367203884533,-0.05775996437080422,PRESSURE_NORMAL_or_COILED,NORMAL + COILED,0.0011727648690606726,3.6148918738117892,True,True
511,105,0.2054794520547945,105,0.6285714285714286,0.0010226036289247675,5.8351449572347285,3.7665698736793822,-0.008737073950624952,PRESSURE_is_COILED,Only COILED pressure_state,0.00029494326376172794,4.712868973280965,True,True
511,511,1.0,511,0.5753424657534246,0.0007276603651630395,1.1222759839537628,1.598121701696811,-0.18998904129504923,BASELINE_ALL_DAYS,No gating: every day,0.0,0.0,True,True
511,511,1.0,511,0.5753424657534246,0.0007276603651630395,1.1222759839537628,1.598121701696811,-0.18998904129504923,REGIME_not_UNKNOWN,Any day with a regime_label,0.0,0.0,True,True
511,0,0.0,0,,,,,,CURRENT_trade_gate_eq_1,What your pipeline currently allows,,,False,False
511,0,0.0,0,,,,,,REGIME_COILED_and_PRESSURE_COILED,High selectivity combo,,,False,False
511,0,0.0,0,,,,,,REGIME_COILED_and_PRESSURE_NORMAL_or_COILED,Coiled regime; pressure not broken,,,False,False
