total_days,trade_days,trade_freq,n_trades,win_rate,expectancy,sharpe_ann,t_stat,max_dd,gate_name,notes,uplift_expectancy,uplift_sharpe,meets_min_trades,usable
517,264,0.5106382978723404,264,0.6515151515151515,0.002283695111583916,4.9892872086492375,5.106698265670294,-0.060019540710255725,PRESSURE_is_NORMAL,Only NORMAL pressure_state,0.0015484199672940475,3.851092517530465,True,True
517,369,0.7137330754352031,369,0.6449864498644986,0.0019248479417215564,4.816678961134666,5.8285511701332595,-0.05775996437080422,PRESSURE_not_UNRESOLVED,Exclude only unresolved pressure,0.0011895727974316882,3.6784842700158933,True,True
517,369,0.7137330754352031,369,0.6449864498644986,0.0019248479417215564,4.816678961134666,5.8285511701332595,-0.05775996437080422,PRESSURE_NORMAL_or_COILED,NORMAL + COILED,0.0011895727974316882,3.6784842700158933,True,True
517,105,0.20309477756286268,105,0.6285714285714286,0.0010226036289247675,5.8351449572347285,3.7665698736793822,-0.008737073950624952,PRESSURE_is_COILED,Only COILED pressure_state,0.00028732848463489927,4.696950266115956,True,True
517,517,1.0,517,0.5764023210831721,0.0007352751442898682,1.1381946911187724,1.6302775826048,-0.18998904129504923,BASELINE_ALL_DAYS,No gating: every day,0.0,0.0,True,True
517,517,1.0,517,0.5764023210831721,0.0007352751442898682,1.1381946911187724,1.6302775826048,-0.18998904129504923,REGIME_not_UNKNOWN,Any day with a regime_label,0.0,0.0,True,True
517,0,0.0,0,,,,,,CURRENT_trade_gate_eq_1,What your pipeline currently allows,,,False,False
517,0,0.0,0,,,,,,REGIME_COILED_and_PRESSURE_COILED,High selectivity combo,,,False,False
517,0,0.0,0,,,,,,REGIME_COILED_and_PRESSURE_NORMAL_or_COILED,Coiled regime; pressure not broken,,,False,False
