total_days,trade_days,trade_freq,n_trades,win_rate,expectancy,sharpe_ann,t_stat,max_dd,gate_name,notes,uplift_expectancy,uplift_sharpe,meets_min_trades,usable
531,275,0.5178907721280602,275,0.6363636363636364,0.002093889640849168,4.522011026960694,4.7238673477350686,-0.060019540710255725,PRESSURE_is_NORMAL,Only NORMAL pressure_state,0.0014280223306024798,3.486366301756587,True,True
531,380,0.7156308851224106,380,0.6342105263157894,0.0017978764007121626,4.434819342542177,5.445872395158035,-0.05775996437080422,PRESSURE_not_UNRESOLVED,Exclude only unresolved pressure,0.0011320090904654745,3.39917461733807,True,True
531,380,0.7156308851224106,380,0.6342105263157894,0.0017978764007121626,4.434819342542177,5.445872395158035,-0.05775996437080422,PRESSURE_NORMAL_or_COILED,NORMAL + COILED,0.0011320090904654745,3.39917461733807,True,True
531,105,0.1977401129943503,105,0.6285714285714286,0.0010226036289247675,5.8351449572347285,3.7665698736793822,-0.008737073950624952,PRESSURE_is_COILED,Only COILED pressure_state,0.00035673631867807944,4.7995002320306215,True,True
531,531,1.0,531,0.5706214689265536,0.000665867310246688,1.0356447252041068,1.5033419891046356,-0.18998904129504923,BASELINE_ALL_DAYS,No gating: every day,0.0,0.0,True,True
531,531,1.0,531,0.5706214689265536,0.000665867310246688,1.0356447252041068,1.5033419891046356,-0.18998904129504923,REGIME_not_UNKNOWN,Any day with a regime_label,0.0,0.0,True,True
531,0,0.0,0,,,,,,CURRENT_trade_gate_eq_1,What your pipeline currently allows,,,False,False
531,0,0.0,0,,,,,,REGIME_COILED_and_PRESSURE_COILED,High selectivity combo,,,False,False
531,0,0.0,0,,,,,,REGIME_COILED_and_PRESSURE_NORMAL_or_COILED,Coiled regime; pressure not broken,,,False,False
