total_days,trade_days,trade_freq,n_trades,win_rate,expectancy,sharpe_ann,t_stat,max_dd,gate_name,notes,uplift_expectancy,uplift_sharpe,meets_min_trades,usable
529,273,0.5160680529300568,273,0.6373626373626373,0.0020926847721692136,4.5220864866973605,4.706736843001576,-0.060019540710255725,PRESSURE_is_NORMAL,Only NORMAL pressure_state,0.0014328382063664433,3.496531513347099,True,True
529,378,0.7145557655954632,378,0.6349206349206349,0.0017954400101568675,4.434920618158444,5.43164628211837,-0.05775996437080422,PRESSURE_not_UNRESOLVED,Exclude only unresolved pressure,0.0011355934443540972,3.409365644808183,True,True
529,378,0.7145557655954632,378,0.6349206349206349,0.0017954400101568675,4.434920618158444,5.43164628211837,-0.05775996437080422,PRESSURE_NORMAL_or_COILED,NORMAL + COILED,0.0011355934443540972,3.409365644808183,True,True
529,105,0.19848771266540643,105,0.6285714285714286,0.0010226036289247675,5.8351449572347285,3.7665698736793822,-0.008737073950624952,PRESSURE_is_COILED,Only COILED pressure_state,0.0003627570631219972,4.809589983884467,True,True
529,529,1.0,529,0.5708884688090737,0.0006598465658027703,1.0255549733502611,1.4858894893365735,-0.18998904129504923,BASELINE_ALL_DAYS,No gating: every day,0.0,0.0,True,True
529,529,1.0,529,0.5708884688090737,0.0006598465658027703,1.0255549733502611,1.4858894893365735,-0.18998904129504923,REGIME_not_UNKNOWN,Any day with a regime_label,0.0,0.0,True,True
529,0,0.0,0,,,,,,CURRENT_trade_gate_eq_1,What your pipeline currently allows,,,False,False
529,0,0.0,0,,,,,,REGIME_COILED_and_PRESSURE_COILED,High selectivity combo,,,False,False
529,0,0.0,0,,,,,,REGIME_COILED_and_PRESSURE_NORMAL_or_COILED,Coiled regime; pressure not broken,,,False,False
