total_days,trade_days,trade_freq,n_trades,win_rate,expectancy,sharpe_ann,t_stat,max_dd,gate_name,notes,uplift_expectancy,uplift_sharpe,meets_min_trades,usable
510,258,0.5058823529411764,258,0.6472868217054264,0.0022623134358060815,4.900749877737578,4.958748936543586,-0.060019540710255725,PRESSURE_is_NORMAL,Only NORMAL pressure_state,0.001534607732245392,3.7795048415164305,True,True
510,363,0.711764705882353,363,0.6418732782369146,0.0019037196900139658,4.739069887937897,5.687824079447007,-0.05775996437080422,PRESSURE_not_UNRESOLVED,Exclude only unresolved pressure,0.0011760139864532763,3.6178248517167497,True,True
510,363,0.711764705882353,363,0.6418732782369146,0.0019037196900139658,4.739069887937897,5.687824079447007,-0.05775996437080422,PRESSURE_NORMAL_or_COILED,NORMAL + COILED,0.0011760139864532763,3.6178248517167497,True,True
510,105,0.20588235294117646,105,0.6285714285714286,0.0010226036289247675,5.8351449572347285,3.7665698736793822,-0.008737073950624952,PRESSURE_is_COILED,Only COILED pressure_state,0.000294897925364078,4.7138999210135815,True,True
510,510,1.0,510,0.5745098039215686,0.0007277057035606895,1.1212450362211475,1.595090583009971,-0.18998904129504923,BASELINE_ALL_DAYS,No gating: every day,0.0,0.0,True,True
510,510,1.0,510,0.5745098039215686,0.0007277057035606895,1.1212450362211475,1.595090583009971,-0.18998904129504923,REGIME_not_UNKNOWN,Any day with a regime_label,0.0,0.0,True,True
510,0,0.0,0,,,,,,CURRENT_trade_gate_eq_1,What your pipeline currently allows,,,False,False
510,0,0.0,0,,,,,,REGIME_COILED_and_PRESSURE_COILED,High selectivity combo,,,False,False
510,0,0.0,0,,,,,,REGIME_COILED_and_PRESSURE_NORMAL_or_COILED,Coiled regime; pressure not broken,,,False,False
