total_days,trade_days,trade_freq,n_trades,win_rate,expectancy,sharpe_ann,t_stat,max_dd,gate_name,notes,uplift_expectancy,uplift_sharpe,meets_min_trades,usable
556,289,0.5197841726618705,289,0.6332179930795848,0.00194669692026072,4.130465948963024,4.423313259433373,-0.0825157240258717,PRESSURE_is_NORMAL,Only NORMAL pressure_state,0.0012159039132582199,3.000829987519034,True,True
556,399,0.7176258992805755,399,0.631578947368421,0.001710231696148558,4.146871880887773,5.218032687497082,-0.0825157240258716,PRESSURE_not_UNRESOLVED,Exclude only unresolved pressure,0.000979438689146058,3.0172359194437837,True,True
556,399,0.7176258992805755,399,0.631578947368421,0.001710231696148558,4.146871880887773,5.218032687497082,-0.0825157240258716,PRESSURE_NORMAL_or_COILED,NORMAL + COILED,0.000979438689146058,3.0172359194437837,True,True
556,110,0.19784172661870503,110,0.6272727272727273,0.0010889730618902417,6.086259781489003,4.021115592883202,-0.008737073950624952,PRESSURE_is_COILED,Only COILED pressure_state,0.0003581800548877414,4.956623820045014,True,True
556,556,1.0,556,0.5719424460431655,0.0007307930070025002,1.1296359614439897,1.6779369388081409,-0.18998904129504923,BASELINE_ALL_DAYS,No gating: every day,0.0,0.0,True,True
556,556,1.0,556,0.5719424460431655,0.0007307930070025002,1.1296359614439897,1.6779369388081409,-0.18998904129504923,REGIME_not_UNKNOWN,Any day with a regime_label,0.0,0.0,True,True
556,0,0.0,0,,,,,,CURRENT_trade_gate_eq_1,What your pipeline currently allows,,,False,False
556,0,0.0,0,,,,,,REGIME_COILED_and_PRESSURE_COILED,High selectivity combo,,,False,False
556,0,0.0,0,,,,,,REGIME_COILED_and_PRESSURE_NORMAL_or_COILED,Coiled regime; pressure not broken,,,False,False
