total_days,trade_days,trade_freq,n_trades,win_rate,expectancy,sharpe_ann,t_stat,max_dd,gate_name,notes,uplift_expectancy,uplift_sharpe,meets_min_trades,usable
527,271,0.5142314990512334,271,0.6420664206642066,0.0021687934893587315,4.719599684788886,4.8942881922603965,-0.060019540710255725,PRESSURE_is_NORMAL,Only NORMAL pressure_state,0.0014752471399779223,3.641208601314662,True,True
527,376,0.713472485768501,376,0.6382978723404256,0.0018487138740779703,4.598707326747526,5.617323337684032,-0.05775996437080422,PRESSURE_not_UNRESOLVED,Exclude only unresolved pressure,0.001155167524697161,3.520316243273302,True,True
527,376,0.713472485768501,376,0.6382978723404256,0.0018487138740779703,4.598707326747526,5.617323337684032,-0.05775996437080422,PRESSURE_NORMAL_or_COILED,NORMAL + COILED,0.001155167524697161,3.520316243273302,True,True
527,105,0.19924098671726756,105,0.6285714285714286,0.0010226036289247675,5.8351449572347285,3.7665698736793822,-0.008737073950624952,PRESSURE_is_COILED,Only COILED pressure_state,0.0003290572795439584,4.756753873760505,True,True
527,527,1.0,527,0.573055028462998,0.0006935463493808091,1.0783910834742239,1.5594854441616341,-0.18998904129504923,BASELINE_ALL_DAYS,No gating: every day,0.0,0.0,True,True
527,527,1.0,527,0.573055028462998,0.0006935463493808091,1.0783910834742239,1.5594854441616341,-0.18998904129504923,REGIME_not_UNKNOWN,Any day with a regime_label,0.0,0.0,True,True
527,0,0.0,0,,,,,,CURRENT_trade_gate_eq_1,What your pipeline currently allows,,,False,False
527,0,0.0,0,,,,,,REGIME_COILED_and_PRESSURE_COILED,High selectivity combo,,,False,False
527,0,0.0,0,,,,,,REGIME_COILED_and_PRESSURE_NORMAL_or_COILED,Coiled regime; pressure not broken,,,False,False
