total_days,trade_days,trade_freq,n_trades,win_rate,expectancy,sharpe_ann,t_stat,max_dd,gate_name,notes,uplift_expectancy,uplift_sharpe,meets_min_trades,usable
535,278,0.5196261682242991,278,0.6330935251798561,0.0020216985928066173,4.349420782836442,4.568288814534014,-0.060019540710255725,PRESSURE_is_NORMAL,Only NORMAL pressure_state,0.001418394257460846,3.412104503540878,True,True
535,383,0.7158878504672898,383,0.6318537859007833,0.001747795273726737,4.292097576196493,5.291376975263421,-0.05775996437080422,PRESSURE_not_UNRESOLVED,Exclude only unresolved pressure,0.0011444909383809656,3.354781296900929,True,True
535,383,0.7158878504672898,383,0.6318537859007833,0.001747795273726737,4.292097576196493,5.291376975263421,-0.05775996437080422,PRESSURE_NORMAL_or_COILED,NORMAL + COILED,0.0011444909383809656,3.354781296900929,True,True
535,105,0.19626168224299065,105,0.6285714285714286,0.0010226036289247675,5.8351449572347285,3.7665698736793822,-0.008737073950624952,PRESSURE_is_COILED,Only COILED pressure_state,0.0004192992935789961,4.897828677939165,True,True
535,535,1.0,535,0.5682242990654206,0.0006033043353457714,0.937316279295564,1.3657234941981007,-0.18998904129504923,BASELINE_ALL_DAYS,No gating: every day,0.0,0.0,True,True
535,535,1.0,535,0.5682242990654206,0.0006033043353457714,0.937316279295564,1.3657234941981007,-0.18998904129504923,REGIME_not_UNKNOWN,Any day with a regime_label,0.0,0.0,True,True
535,0,0.0,0,,,,,,CURRENT_trade_gate_eq_1,What your pipeline currently allows,,,False,False
535,0,0.0,0,,,,,,REGIME_COILED_and_PRESSURE_COILED,High selectivity combo,,,False,False
535,0,0.0,0,,,,,,REGIME_COILED_and_PRESSURE_NORMAL_or_COILED,Coiled regime; pressure not broken,,,False,False
