{
  "sessions": 359,
  "decisive_regime_calls": 259,
  "regime_accuracy": 0.749034749034749,
  "directional_calls": 2,
  "direction_accuracy": 1.0,
  "brier": 0.19545805764957086,
  "brier_baseline_constant": 0.21671154010288562,
  "trend_base_rate": 0.31754874651810583,
  "calibration": "see reconcile_summary.txt"
}